ID,LIMIT_BAL,SEX,EDUCATION,MARRIAGE,AGE,PAY_0,PAY_2,PAY_3,PAY_4,PAY_5,PAY_6,BILL_AMT1,BILL_AMT2,BILL_AMT3,BILL_AMT4,BILL_AMT5,BILL_AMT6,PAY_AMT1,PAY_AMT2,PAY_AMT3,PAY_AMT4,PAY_AMT5,PAY_AMT6,default payment next month
19001,240000,2,1,2,29,-1,-1,-1,-1,-1,-1,358,176,0,540,100,2600,176,0,540,100,2600,704,0
19002,200000,2,1,1,27,1,-2,-1,2,0,0,-896,2500,653,653,653,0,7052,653,0,0,0,1300,0
19003,100000,2,1,2,27,-2,-2,-2,-2,-2,-2,904,2635,636,2538,1735,2054,3710,636,4001,1735,2054,2581,0
19004,180000,2,1,2,29,0,0,0,0,0,0,44109,20896,18193,18652,14545,18545,8000,5000,3000,2000,2000,6000,0
19005,360000,2,2,2,30,0,0,-1,-1,-1,-1,82195,99961,7968,1816,5549,1234,20500,8007,1825,5563,1240,0,0
19006,130000,2,2,2,29,0,0,0,0,0,0,113203,114053,117602,119119,120030,122510,4200,5800,5800,4300,4500,4500,0
19007,120000,2,2,2,30,-2,-2,-2,-2,-2,-2,2680,14770,7817,416,270,0,14770,7832,416,270,0,0,0
19008,230000,2,1,2,30,-2,-2,-2,-2,-2,-2,0,0,846,846,0,846,0,846,846,0,846,500,0
19009,340000,2,5,2,30,0,0,0,0,0,-1,47001,47664,38192,39234,20960,360,2000,2000,2000,3000,360,360,0
19010,320000,2,1,2,29,0,0,0,0,0,0,198441,202806,207050,201114,190921,191781,10000,10000,10000,10000,7000,10000,0
19011,330000,2,3,2,29,0,0,0,0,0,0,311577,319838,303679,271773,198604,149923,13110,10691,10373,7901,5328,5061,0
19012,80000,2,3,2,30,2,0,0,-1,-1,-2,4794,4989,2065,1000,0,0,1074,1000,1000,0,0,0,1
19013,150000,2,1,1,30,-1,-1,-1,-1,-1,0,4083,3534,6484,12287,21888,19960,3537,6484,12306,21888,0,134,0
19014,160000,2,3,1,31,-2,-2,-2,-2,-2,-2,207,565,1990,0,0,0,565,2009,0,0,0,0,1
19015,50000,2,3,1,37,0,0,0,0,0,0,39804,41106,41843,42839,43690,44232,1964,1701,1697,1548,1620,1774,0
19016,300000,2,4,1,48,-2,-2,-2,-2,-2,-2,0,0,0,0,0,0,0,0,0,0,0,0,0
19017,190000,2,2,1,36,0,0,0,0,0,0,185788,185959,179458,162482,158137,157956,7483,5902,7061,4902,6057,5381,0
19018,50000,2,2,2,27,0,0,0,0,0,0,25870,21511,20952,21873,22319,24371,1325,1392,1313,759,2371,3294,0
19019,90000,2,1,2,28,-1,-1,-1,0,0,0,866,148,377,4229,6109,8832,148,377,4000,2109,2832,316,0
19020,210000,2,1,2,28,-1,0,0,0,0,0,85672,68394,70305,65626,64638,67498,6009,5000,5000,5000,5000,5000,0
19021,240000,2,1,2,28,0,0,0,0,0,0,246310,250252,250169,249495,192368,196585,10500,9900,10907,7000,8000,7535,0
19022,60000,2,2,1,34,2,2,2,2,2,0,40511,44019,45020,45785,44750,45578,4200,2000,1800,0,1700,3600,1
19023,440000,2,2,2,35,-1,0,0,-1,-1,-1,3091,3853,4012,821,821,821,1150,1084,821,821,821,821,0
19024,30000,2,2,1,42,2,2,0,0,0,0,28485,27204,28234,28272,28494,28182,0,2000,2483,1003,969,1208,1
19025,230000,2,2,2,26,0,0,-2,-2,-2,-2,23758,0,0,0,0,0,0,0,0,0,0,0,0
19026,440000,2,2,2,28,1,2,2,0,0,0,209176,215231,204369,186201,183518,148169,11000,54,7530,7648,6310,3312,1
19027,80000,2,2,1,29,0,0,0,0,0,0,63899,62048,49814,45292,43190,39457,2500,2500,2010,2000,2000,2000,1
19028,30000,2,2,1,30,0,0,0,0,0,0,29265,28901,28883,29411,24602,22760,2000,1655,1513,499,688,0,0
19029,250000,2,2,2,35,0,0,0,0,0,0,238855,241711,205944,210513,214696,219218,8517,7481,8000,7682,7979,13350,0
19030,30000,2,1,1,45,2,0,0,0,0,0,26155,27196,28445,26766,27152,28355,1482,1731,1742,1128,1800,1200,1
19031,50000,2,3,3,49,0,0,0,0,0,2,49402,50361,48762,49671,22895,19501,1800,2110,2010,1600,0,750,0
19032,50000,2,2,2,34,0,0,0,0,0,0,47303,48427,48069,49081,48485,49484,2807,3008,2812,2000,2000,2000,0
19033,30000,2,2,2,34,1,2,2,2,2,2,26330,25608,28781,28000,29779,27343,0,3600,0,2524,0,1139,0
19034,30000,2,2,1,45,0,0,0,0,0,0,30788,30395,27294,27216,26432,30692,1759,1762,1717,966,5739,1577,1
19035,500000,2,2,1,42,0,0,-2,-2,-2,-2,149838,0,0,0,0,0,0,0,0,0,0,0,0
19036,50000,2,2,1,41,1,2,2,2,2,2,24540,25330,26620,26889,26158,27737,1500,2000,1000,0,2000,0,1
19037,50000,2,2,1,36,0,0,0,0,0,0,49872,32918,33998,34852,14163,14362,1600,2500,2000,1000,1000,1000,0
19038,50000,2,1,2,22,0,0,-2,-2,-2,-2,2416,0,0,0,0,0,0,0,0,0,0,0,0
19039,90000,2,2,2,26,0,0,0,0,0,0,45069,43310,40275,37800,37323,34396,2000,2500,3000,3000,2000,3000,0
19040,30000,2,1,2,26,1,2,2,2,0,0,13890,15374,16141,15593,15908,16757,2000,1300,0,564,1100,1000,1
19041,150000,2,3,1,43,0,0,0,0,0,0,125403,110822,107782,84743,78804,76584,5018,5081,6041,3023,4049,6013,0
19042,50000,2,2,1,23,0,-1,0,0,0,0,14465,48796,50206,50831,42731,43224,50295,2500,2031,1274,1500,1600,0
19043,70000,2,2,2,23,2,2,2,0,0,2,14871,17461,16892,18013,19315,19859,2850,0,1400,1600,1000,0,1
19044,80000,2,2,2,23,0,0,-2,-2,-2,-2,68850,0,0,0,0,0,0,0,0,0,0,0,0
19045,280000,2,1,2,29,-2,-2,-2,-2,-1,-1,-11,-11,-11,-11,2572,9532,0,0,0,2583,9566,145007,0
19046,90000,2,2,1,30,0,0,0,0,0,0,6480,6973,7235,8248,8412,8589,1106,1124,1137,301,312,373,0
19047,330000,2,1,1,39,0,0,0,0,0,0,94384,46006,48123,50195,51942,55963,4000,3000,3000,3000,5000,2000,0
19048,190000,2,2,1,46,0,0,0,0,0,0,80903,83900,86897,90399,85698,88400,5000,5000,5600,3000,4000,4500,0
19049,210000,2,1,1,40,0,0,0,0,0,0,47109,47930,53615,55117,57192,63229,2000,6500,3000,3000,7000,2500,0
19050,100000,2,1,1,30,3,4,4,4,4,3,98094,101614,101072,105252,102742,100884,6000,1900,6686,0,0,0,1
19051,20000,2,2,2,30,3,2,0,0,0,0,20226,18702,18331,19111,15211,13562,0,2346,1400,304,271,0,1
19052,260000,2,1,1,31,-1,-1,0,0,0,0,555,8078,27201,27879,28420,39206,8078,20000,2000,2000,12000,0,0
19053,20000,2,2,1,26,1,2,2,2,2,4,15803,15252,18093,18499,20898,19999,0,3103,1000,3000,0,0,1
19054,80000,2,3,1,37,0,0,0,0,0,0,77480,75329,64228,49103,48649,49701,3000,2500,1800,2000,1800,2000,1
19055,50000,2,2,1,42,0,0,0,0,0,0,30640,31546,28405,27959,27785,28123,1746,1800,1729,945,1149,1200,0
19056,70000,2,3,1,35,2,2,2,2,2,2,50834,52163,51060,54200,52734,55903,2460,0,4600,0,4200,2200,1
19057,30000,2,2,1,38,0,0,2,2,0,0,26664,29803,30766,29918,29071,29527,3582,1734,0,1148,1034,2667,0
19058,100000,2,1,2,25,1,2,0,0,0,0,97271,88596,89218,63243,42510,41221,0,4950,2400,1200,1400,1203,1
19059,50000,2,1,2,25,0,0,0,2,0,0,50673,47278,44993,36782,30442,29636,2500,4000,0,1200,1250,1300,0
19060,80000,2,2,1,27,2,0,0,0,2,0,63711,64961,66334,70312,68585,70027,2907,3014,5700,0,2700,2800,1
19061,50000,2,2,1,27,0,0,-1,-1,-1,-1,7439,8280,3403,1999,500,0,1028,3423,2005,501,0,0,1
19062,150000,2,5,1,28,0,0,0,0,0,0,152105,137472,118583,95094,50999,35383,6300,4500,2524,2000,2000,92000,0
19063,140000,2,1,2,29,0,0,0,0,0,0,130261,95550,96273,91059,92609,95184,3474,4000,4000,3500,8000,5000,0
19064,70000,2,1,1,31,0,0,0,0,0,0,63820,60697,61139,56609,47819,43471,5000,4000,3000,3000,3000,2000,0
19065,30000,2,2,1,31,1,2,2,0,0,0,28933,30109,29349,29400,30000,0,1949,0,1000,600,0,0,0
19066,80000,2,2,1,32,2,2,0,0,0,2,70381,68660,70081,70899,75331,74005,0,3126,2578,5616,0,3000,1
19067,40000,2,2,1,41,0,0,0,0,0,0,21960,21484,7145,2424,822,0,1176,1049,1000,0,0,0,0
19068,100000,2,2,1,37,0,0,0,0,0,0,34572,35173,35828,36126,36587,36957,1849,1894,1582,1433,1486,1327,0
19069,50000,2,2,1,40,0,0,0,0,0,0,48050,47238,47722,32920,28471,28834,2000,1871,1800,1100,1200,1040,0
19070,30000,2,3,1,35,2,2,2,2,2,2,26088,27160,26444,28694,27936,29930,1800,0,3000,0,2600,0,1
19071,120000,2,1,1,35,0,0,0,0,0,0,9756,12092,15516,17373,17950,18363,2519,3643,2500,1000,689,1000,0
19072,260000,2,3,1,39,0,0,0,0,0,0,152735,149672,140068,140367,141710,146578,6627,7000,7000,5000,7000,5000,0
19073,90000,2,2,1,35,0,0,0,0,0,0,21093,14418,17217,16486,17390,19021,1256,3445,1099,1393,3045,1003,0
19074,30000,2,2,1,33,0,0,-1,0,0,0,4101,157,30321,29225,29575,28850,172,33635,1368,1108,958,1353,0
19075,260000,2,1,1,37,0,0,0,0,0,0,174971,161671,156296,156248,120518,122649,10000,8000,5028,5000,5000,10000,0
19076,170000,2,1,1,39,1,2,0,0,0,2,161105,145908,119161,120662,127815,125098,0,6000,5000,9000,0,6000,0
19077,150000,2,2,1,36,0,0,0,0,0,0,137664,140869,144954,101342,80819,81022,5500,6704,3712,3000,3890,3500,0
19078,90000,2,3,1,40,1,2,2,2,2,2,40467,41495,42520,42997,41698,43976,2000,2000,1800,0,3434,1708,0
19079,50000,2,3,2,45,0,0,0,0,0,0,3740,4382,5008,5627,6159,6677,1100,1091,1100,1000,1000,1000,0
19080,70000,2,1,2,29,0,0,0,0,0,0,66867,66502,54263,47562,43735,43509,3020,5040,2000,2000,12000,5000,0
19081,210000,2,1,2,29,0,0,0,0,0,0,217220,231500,197027,198293,197841,205864,7700,10292,8900,7200,14300,10000,0
19082,450000,2,1,2,31,-2,-2,-2,-2,-2,-2,0,0,0,0,0,0,0,0,0,0,0,0,0
19083,70000,2,3,1,32,0,0,0,0,2,0,14180,10856,10822,13627,10852,12676,3000,2000,3000,0,2000,3000,1
19084,70000,2,3,2,32,2,2,2,0,0,2,23741,26021,24419,23541,10576,6985,4000,0,2000,1000,0,4000,1
19085,300000,2,3,2,34,-1,-1,2,0,0,-1,2344,7929,7667,26900,31500,33920,8000,0,20000,5000,33920,0,0
19086,70000,2,1,1,29,0,0,0,0,0,0,68494,68532,69475,69582,69589,68728,3200,3300,3100,2800,2600,2940,0
19087,180000,2,2,1,37,0,0,0,0,0,0,88275,78089,75159,76602,76896,78588,2800,3333,3310,2900,3040,3500,0
19088,50000,2,3,1,29,2,2,0,0,0,0,59077,55607,54882,53894,52382,53947,0,2700,2450,1830,4300,6500,1
19089,20000,2,2,2,27,-1,2,0,0,0,2,20556,19403,13536,17623,18662,10243,8,2072,15000,1500,0,10000,0
19090,260000,2,1,2,31,0,0,0,0,0,0,229398,202429,206210,208752,209083,208463,8720,9000,8910,7570,7751,8200,0
19091,70000,2,3,1,34,0,0,-1,0,0,0,5219,6747,19948,20231,20757,18357,3092,19948,3000,3002,1002,2102,0
19092,50000,2,2,3,31,2,2,3,2,2,2,39193,42816,42838,43335,44220,45159,4600,1000,1500,1900,1800,1200,1
19093,150000,2,2,1,34,0,0,0,0,0,0,146661,142118,139750,142730,144083,130791,6800,6600,6800,5600,4900,5100,0
19094,150000,2,3,1,45,0,0,0,0,0,0,47372,42652,42306,41579,40669,39301,2000,2100,1837,1400,1486,1572,0
19095,20000,2,2,1,37,0,0,0,0,0,0,19326,20240,17800,18699,17770,48321,1263,1630,1529,1200,2000,742,0
19096,60000,2,2,2,45,0,0,0,0,0,0,57711,58760,49576,50802,11110,12543,2500,2384,3000,2000,2000,2000,0
19097,50000,2,2,1,30,0,0,0,0,0,0,40596,41632,42687,40614,29356,29815,2000,2047,3246,1164,1048,1100,0
19098,50000,2,1,2,25,0,0,0,0,0,2,26240,26996,28056,29584,31595,30952,1500,1500,2000,2500,0,3000,0
19099,80000,2,1,1,27,3,2,0,0,0,3,71965,70232,71794,73125,82798,81336,0,3278,3211,11457,0,0,1
19100,140000,2,1,2,27,0,0,0,0,-1,-1,10064,10551,11655,11377,735,1051,2000,2000,1000,735,1051,569,0
19101,20000,2,3,2,28,1,2,2,2,2,0,6616,6364,7891,8913,8624,9628,0,1800,1300,0,1300,1900,1
19102,10000,2,2,1,49,2,0,0,0,0,0,2240,3100,4116,5280,5543,5605,1057,1073,1237,500,300,205,1
19103,120000,2,2,1,45,0,0,0,-2,-2,-2,11547,9836,0,0,0,0,5000,0,0,0,0,5562,0
19104,50000,2,2,1,40,1,3,2,0,0,0,36291,35385,31558,31664,15700,0,0,0,1000,314,0,0,1
19105,30000,2,2,1,39,2,0,0,2,2,0,11436,12439,14911,15819,15346,16666,1500,3000,1500,0,1500,2000,1
19106,210000,2,2,1,49,2,0,0,0,0,0,114273,115302,111906,111423,92394,93321,6000,6000,5000,3000,3500,3000,1
19107,150000,2,1,2,27,-2,-2,-2,-2,-2,-2,0,0,0,0,0,0,0,0,0,0,0,0,1
19108,180000,2,3,1,28,0,0,0,0,0,0,113125,67864,31613,25220,8654,4837,1923,1501,1000,0,0,49347,0
19109,590000,2,2,1,29,-2,-2,-2,-1,0,0,0,0,0,1387,2206,3014,0,0,1387,1000,1000,1000,1
19110,260000,2,1,1,30,0,0,0,0,0,0,25661,30196,69429,167640,169446,172989,5000,40000,100000,5720,5922,5958,0
19111,90000,2,3,1,35,0,0,-1,0,0,0,13865,5128,6911,8774,9622,9824,2054,6911,2000,1000,357,1000,0
19112,110000,2,2,1,28,0,0,0,0,0,0,20186,19678,18145,17729,17239,10231,1300,1500,1200,467,400,500,0
19113,140000,2,1,2,28,0,-1,-1,-1,-1,-1,1756,2201,923,1751,573,873,2209,923,1751,573,873,984,0
19114,210000,2,1,2,30,-1,-1,-1,-1,-1,-1,7631,5583,5583,5583,5583,5500,5583,5583,5583,5583,5500,5823,0
19115,80000,2,2,1,31,-2,-2,-2,-2,-2,-2,0,0,0,0,0,0,0,0,0,0,0,0,0
19116,30000,2,3,1,36,1,2,-1,2,2,-1,8910,7438,6242,4789,3597,21234,22,6245,3,6,30006,1221,0
19117,120000,2,3,1,28,0,0,0,0,0,0,93623,95472,93778,86416,53501,51931,3440,5017,5000,2000,1500,42800,0
19118,20000,2,3,1,44,0,0,0,2,2,2,7661,8981,10860,12380,11400,0,1457,2600,2000,0,0,0,0
19119,80000,2,3,2,42,0,0,0,0,0,0,50320,49816,49457,49071,48242,47746,1784,1898,1985,1629,1655,1687,0
19120,110000,2,2,2,35,0,0,0,0,0,0,22514,23201,23914,24886,24903,25102,1378,1723,1695,1028,1056,907,0
19121,240000,2,2,1,34,0,0,0,0,-1,0,77126,59832,45054,39245,75742,39389,5005,2116,1200,75742,0,62282,0
19122,100000,2,2,1,49,0,-1,-1,-1,0,0,5532,5325,5423,29628,13252,3723,5325,5423,29628,0,0,3513,0
19123,200000,2,2,2,32,0,0,0,0,0,0,150204,153189,156406,159650,163625,167790,5479,5682,5850,6625,6790,6235,0
19124,450000,2,1,2,32,-2,-2,-2,-2,-2,-2,1249,142,5965,991,-9,1974,142,6001,996,0,1983,7228,0
19125,150000,2,2,2,32,0,0,0,0,0,0,49760,39332,17563,10122,11622,8622,2538,2000,2000,1500,1000,64411,0
19126,120000,2,2,1,39,-1,2,-1,-1,-1,-1,11277,5624,5333,5333,5333,21348,0,5333,5333,5333,21348,5333,0
19127,70000,2,2,2,26,2,0,0,0,0,0,66087,67510,69007,61845,60184,66801,3120,3303,2800,2200,7600,0,1
19128,190000,2,1,2,31,0,0,0,0,0,0,132946,136809,140664,144395,147642,151410,6000,6000,6000,5500,6000,5500,0
19129,50000,2,3,1,45,0,0,0,0,0,0,49212,42376,20009,20877,19642,18769,1611,1700,1547,785,1000,888,0
19130,60000,2,3,1,44,1,2,0,0,0,0,39466,32202,29503,29538,29971,29798,0,1802,1737,1170,1189,1230,0
19131,90000,2,1,2,30,2,2,2,2,2,2,15979,17414,16846,20559,19933,21454,2000,0,4000,0,2000,0,1
19132,300000,2,2,1,33,0,0,0,0,0,0,62951,64491,65692,64969,67771,66428,4007,5000,5000,6000,6000,6000,0
19133,210000,2,3,1,32,0,0,-1,0,0,0,1406,0,712,1025,4584,0,0,712,1000,4000,0,821,0
19134,50000,2,2,1,34,2,2,2,0,0,0,46843,49378,48052,48573,28902,28205,4310,0,2033,1119,985,2000,0
19135,350000,2,1,1,34,-1,0,0,0,0,0,37129,107295,108299,103487,90880,84387,75000,30000,4000,4000,5000,5000,0
19136,30000,2,2,1,34,0,0,0,0,0,0,26253,27256,28472,29212,29400,30000,1444,1660,1400,588,600,0,0
19137,280000,2,3,1,34,1,-2,-2,-2,-2,-2,0,0,0,0,0,0,0,0,0,0,0,0,0
19138,380000,2,3,1,35,0,0,0,0,0,0,18341,16681,16678,16650,17380,17074,2000,3000,2000,2000,2000,2000,0
19139,360000,2,2,2,34,-2,-2,-2,-2,-2,-2,724,1232,291,776,0,312,1232,291,776,0,312,576,0
19140,260000,2,2,1,37,1,1,-2,-2,-1,0,5917,-15910,-15910,-15910,24090,13977,0,0,0,40000,507,656,0
19141,160000,2,2,1,37,0,0,0,0,0,-1,27720,14413,13484,6714,-319,3583,5000,5017,5000,0,6774,0,0
19142,250000,2,3,1,43,-2,-2,-2,-1,-1,-1,8443,13782,22997,24209,23122,4000,13829,22997,25071,23122,4000,28650,0
19143,320000,2,1,2,27,-1,0,0,0,-1,0,19950,24544,31236,66091,5800,5800,5000,10000,36091,5800,0,464,0
19144,140000,2,2,2,31,0,0,0,0,0,0,137326,138119,137950,140254,139679,141748,6400,6600,6500,5100,5300,6000,0
19145,80000,2,3,1,32,0,0,0,0,0,0,58091,58247,59495,58832,57677,58066,2700,2800,2100,2181,2500,2300,0
19146,100000,2,1,1,40,2,2,2,2,2,2,63422,64785,63179,67467,65784,69309,3000,0,5346,0,4600,3000,1
19147,210000,2,5,1,41,-2,-2,-2,-2,-2,-2,1662,13877,7600,5546,1241,1801,13934,7735,5551,1241,1801,1359,0
19148,200000,2,3,2,29,-1,-1,-1,-1,0,0,5555,7485,12555,882,882,0,7485,12625,882,0,0,0,0
19149,110000,2,3,1,37,0,0,0,0,0,0,104691,103655,85761,87336,39025,40242,5000,5000,4000,3700,2000,2000,0
19150,70000,2,1,1,36,1,2,2,0,0,2,18514,19913,19310,20021,22175,21680,2000,0,1339,2493,0,792,1
19151,240000,2,2,1,46,0,0,0,0,-2,-2,233438,240715,246000,-150,-150,-150,11250,10950,0,0,0,672,0
19152,80000,2,2,1,38,0,0,0,0,0,0,70613,71421,72932,74422,75920,77490,2006,2100,2109,2131,2195,2458,0
19153,150000,2,3,2,47,0,0,0,0,0,0,132093,129831,126485,124547,117364,117368,5000,5000,5000,5000,5000,5000,0
19154,50000,2,2,2,42,0,0,0,0,0,0,46566,47792,49322,50618,13842,14217,2000,2300,2500,500,600,600,0
19155,230000,2,2,1,37,0,0,0,0,-1,0,53327,52513,43726,22738,29019,20328,1973,1890,1595,29019,567,506,0
19156,290000,2,1,1,43,-1,-1,-1,-1,0,-1,1457,1799,5029,3103,1838,690,1808,5054,3109,9,693,3579,0
19157,350000,2,1,2,36,-2,-2,-2,-2,-2,-2,3272,6968,0,0,0,0,7008,0,0,0,0,0,0
19158,100000,2,3,2,39,0,0,0,0,0,0,86453,84526,82078,25991,28071,28611,5000,5000,1300,5000,6000,5000,0
19159,50000,2,3,1,46,0,0,0,0,0,-2,48796,48797,49115,47991,0,0,2000,2000,1018,0,0,0,0
19160,360000,2,2,1,43,-2,-2,-2,-2,-2,-2,0,0,0,0,0,0,0,0,0,0,0,0,0
19161,210000,2,2,2,38,-1,-1,-1,-1,-1,-1,1026,3751,4366,5602,21034,1026,3751,4366,5602,21034,1026,1026,0
19162,500000,2,2,1,39,-2,-2,-2,-2,-2,-2,1948,599,552,6360,0,6054,599,552,6360,0,6054,0,0
19163,290000,2,2,1,47,0,0,0,0,0,0,244377,244394,244535,244518,243689,241125,10000,10000,10000,9009,9031,9000,0
19164,350000,2,3,1,36,0,0,2,0,0,0,255751,275156,260963,261263,255566,254941,33010,0,11021,9200,8500,8300,0
19165,190000,2,2,1,33,-2,-2,-2,-2,-2,-2,2125,3405,2131,2131,2131,0,3411,2131,2131,2131,0,5354,0
19166,180000,2,1,2,34,0,0,0,0,0,0,108016,180959,169362,163957,138409,132864,150000,8000,5500,5000,5500,6000,0
19167,110000,2,2,1,35,0,0,0,0,0,0,6137,7040,3861,4869,4966,5070,1053,1073,1081,178,184,185,1
19168,200000,2,3,2,33,1,2,2,2,2,2,51979,51016,54736,55424,56101,57137,0,5000,2000,2000,1900,2200,1
19169,210000,2,2,1,40,-1,-1,-1,-1,-1,-1,10240,-660,117,4890,-356,4644,0,5000,5000,0,5000,1000,0
19170,100000,2,3,1,36,-1,-1,-1,-1,-1,-1,476,476,476,476,476,1075,476,476,476,476,1075,876,0
19171,130000,2,2,1,43,0,0,0,0,0,0,135390,134974,132242,122832,55232,78266,6329,5472,5701,2211,38663,2350,0
19172,70000,2,3,2,38,0,0,0,0,0,0,70621,69821,68683,68771,55168,49674,2506,3500,2104,2015,2001,2102,0
19173,100000,2,2,1,33,0,0,0,0,0,0,92189,88832,89762,77986,71031,66983,3252,3215,2792,1881,1945,2184,0
19174,150000,2,3,1,35,-2,-1,2,-1,-1,-1,600,660,330,330,330,740,660,0,330,330,740,0,0
19175,160000,2,3,1,39,0,0,-1,-1,-1,-1,102358,103698,1048,1048,1048,1221,4671,1048,1048,1048,1221,1048,0
19176,30000,2,3,1,48,1,-1,-1,-2,-2,-2,-100,100,0,0,0,0,200,0,0,0,0,0,0
19177,80000,2,2,1,36,-1,-1,-1,-1,-1,-1,816,1419,1845,1799,599,-1,1423,1856,1804,600,0,0,0
19178,200000,2,2,1,44,-2,-2,-2,-2,-2,-2,7096,1323,8457,48757,4200,7312,1336,8457,48757,4200,7312,21740,0
19179,180000,2,3,1,41,2,2,2,2,0,0,96093,100094,101204,98680,100644,102750,6500,3582,0,3605,3731,3752,1
19180,180000,2,2,1,34,0,0,0,0,0,0,47517,26137,18177,16866,15067,7615,1526,3006,5020,5000,2000,935,0
19181,170000,2,2,1,35,0,0,0,0,0,0,144606,136269,139337,141018,119039,88833,5007,7004,7008,5005,4009,3807,0
19182,50000,2,1,2,35,0,0,0,0,0,0,4309,10834,15251,12159,9581,15222,7000,8000,9400,1000,6000,3000,0
19183,160000,2,3,1,40,0,0,0,0,0,0,93287,91031,89764,87919,86279,84794,3230,3500,3000,2956,3100,3400,0
19184,160000,2,2,1,40,-2,-2,-2,-2,-2,-2,390,390,390,390,390,390,390,780,390,390,390,390,1
19185,20000,2,1,2,22,0,0,0,0,0,0,18390,19760,18570,17604,11973,9517,2000,1376,1383,1000,455,1500,0
19186,70000,2,2,1,24,0,0,0,0,0,-1,33602,41574,30777,30155,14298,1579,10096,3000,1005,2000,1579,2882,0
19187,240000,2,2,2,38,-2,-2,-2,-2,-2,-2,34752,30073,24315,3724,28347,11280,30073,24315,3724,28347,11280,31266,0
19188,300000,2,2,1,45,0,0,0,0,0,0,343205,335000,322462,312973,262255,251413,12429,11254,10956,8587,8638,9284,0
19189,420000,2,2,1,37,-2,-2,-2,-2,-2,-2,4904,5248,5344,5058,2019,2443,5332,5348,5065,2019,2443,4697,0
19190,200000,2,3,1,43,1,2,0,0,0,0,119432,116014,119576,123551,129486,133262,0,5000,5000,7000,5000,5000,1
19191,50000,2,2,1,47,0,0,0,0,0,0,27121,53680,20476,21781,17792,16657,2000,1700,2000,1000,702,600,0
19192,50000,2,2,1,38,0,0,0,-1,0,0,20606,18750,0,31288,27335,30626,2000,0,95000,1000,3700,16,0
19193,200000,2,1,1,38,-2,-2,-2,-2,-2,-2,2571,2772,2571,2571,2571,2571,2772,2571,2571,2571,2571,2571,0
19194,200000,2,1,2,32,0,0,0,0,0,0,118532,121068,119122,121402,115419,116749,6000,4500,4300,6000,4400,4500,0
19195,380000,2,2,1,33,1,1,2,2,2,2,363944,385726,368318,354443,354765,354579,29540,74,14301,13000,12800,12800,0
19196,50000,2,1,2,27,-1,0,0,0,-1,-1,17626,16789,12946,20650,20650,2529,1547,8000,8000,20650,2529,0,0
19197,50000,2,1,2,28,-1,-1,-1,-1,-1,0,1460,1625,3505,12931,2972,1589,1625,3556,14010,3000,0,691,0
19198,500000,2,2,2,35,-2,-2,-2,-2,-2,-2,35757,22370,7303,19436,45604,25996,22372,7364,19445,45604,25996,4420,0
19199,300000,2,2,1,40,-1,-1,-2,-2,-2,-2,2470,0,0,0,0,0,0,0,0,0,0,0,0
19200,170000,2,2,2,32,0,0,0,0,-1,0,10928,8400,5654,6285,4417,740,6151,4110,6920,6637,0,16744,1
19201,20000,2,2,1,46,3,2,2,2,3,5,11698,13189,14663,16109,19525,18646,2000,2000,2000,4000,0,1000,1
19202,20000,2,2,1,43,-1,-1,-1,-1,-1,-1,1475,1291,3898,1681,901,0,1291,3898,1681,901,0,0,0
19203,280000,2,2,2,36,0,0,0,0,0,0,183797,168402,161474,152092,145229,148602,6083,5913,5293,5126,5640,5119,0
19204,80000,2,2,2,22,-1,0,0,0,0,0,858,1468,1724,2884,2994,28788,1000,1036,1196,306,26045,1513,0
19205,20000,2,2,2,24,0,0,0,2,0,0,17372,17859,20567,19928,18711,19408,1500,3000,0,1000,1000,1500,0
19206,70000,2,1,2,24,0,0,0,0,0,0,110176,56378,57572,58130,59289,61331,2700,2700,2110,2125,3000,2300,0
19207,30000,2,2,1,25,2,2,2,2,2,2,23888,26966,27640,26897,27949,29645,3800,1400,0,1500,2300,1114,1
19208,170000,2,2,2,37,0,0,0,0,0,0,117527,120998,120582,112819,113932,107776,5837,4278,4021,3828,3843,3879,0
19209,320000,2,2,2,30,0,0,0,0,0,0,97541,99815,103701,106195,106946,109228,3900,5500,5700,4000,4000,4000,0
19210,210000,2,1,2,30,-2,-2,-2,-2,-2,-2,0,0,0,0,0,0,0,0,0,0,0,0,0
19211,310000,2,2,2,31,0,0,0,0,0,0,14015,15377,16393,14855,12662,9628,2000,1300,1461,1000,2000,2000,0
19212,230000,2,1,2,29,1,-1,-1,-1,0,0,0,162,1129,1130,1130,1130,162,1140,1130,0,0,0,0
19213,90000,2,2,1,31,2,2,0,0,0,0,90089,91196,89779,89214,88847,88724,3500,4400,5013,4000,4000,4000,1
19214,200000,2,1,2,31,-2,-2,-2,-2,-2,-2,6024,2180,2750,0,1060,2000,2180,2750,0,1060,2000,1060,0
19215,150000,2,2,2,34,3,3,4,4,5,5,103389,108189,112968,117613,122161,129616,8000,8000,8000,8000,10000,5000,0
19216,60000,2,1,2,27,0,0,0,0,0,0,23690,22413,17399,16553,14259,14134,1283,1584,1217,496,662,489,0
19217,50000,2,2,2,38,-1,-1,0,0,0,0,1496,35007,32672,34087,37114,45043,35007,2000,2000,5000,10000,2000,0
19218,200000,2,1,2,40,0,0,0,0,0,0,132563,135202,137111,137121,139343,141859,4841,5047,4922,4926,5105,5500,0
19219,220000,2,2,1,35,0,0,0,0,0,0,41259,37465,39494,16842,0,8419,2000,3000,1160,1000,0,1000,0
19220,300000,2,3,1,34,-2,-2,-2,-2,-2,-2,-75,29014,21180,-20,-20,4045,29089,21286,0,0,4065,0,0
19221,30000,2,2,1,47,2,2,2,0,0,0,25893,30628,29368,27769,25999,26924,5501,22,2000,1000,2000,2039,1
19222,330000,2,5,1,36,0,-1,-1,0,0,0,18768,3736,119340,134194,76865,78760,3744,119356,20062,10189,30032,4005,0
19223,280000,2,1,1,42,0,0,0,0,0,0,172886,175152,172505,175967,178548,176939,6232,12104,7002,6302,6417,6502,0
19224,330000,2,1,2,38,-2,-2,-2,-2,-2,-2,0,0,0,0,0,0,0,0,0,0,0,0,1
19225,390000,2,3,2,45,0,-1,-1,-1,-1,0,94373,2230,609,-3261,36635,38396,2230,609,0,40396,3000,105100,0
19226,200000,2,2,1,38,-1,-1,-1,-1,-1,0,788,165,1520,413,150,150,165,1520,413,300,0,1638,0
19227,20000,2,3,2,45,0,0,0,0,0,0,12670,13682,14399,15408,15728,17082,1520,1234,1243,563,1609,1500,0
19228,140000,2,2,1,32,0,0,0,0,0,0,52825,52711,50440,47945,17990,15735,3000,5007,10000,5011,5000,10000,0
19229,30000,2,1,1,32,-1,-1,-1,-2,-2,-2,3684,2911,5831,2083,2903,3874,2911,5842,2088,2903,3874,3201,0
19230,210000,2,2,1,41,1,-2,-2,-2,-2,-2,0,0,0,0,0,0,0,0,0,0,0,0,0
19231,100000,2,3,1,44,-2,-2,-2,-2,-2,-2,1010,0,0,0,0,2947,0,0,0,0,2947,4193,0
19232,50000,2,2,1,38,-1,-1,-1,-1,-1,-1,1121,-13,2254,1338,0,757,0,2267,1338,0,757,0,0
19233,30000,2,3,2,42,0,0,0,0,0,0,26012,27175,27822,28481,28265,28852,2000,1577,1626,800,814,629,1
19234,30000,2,5,2,45,2,0,0,0,0,0,29278,30488,30900,30480,31124,29333,2000,1600,1500,1100,1053,1320,1
19235,150000,2,1,2,37,1,-2,-1,-1,-1,-2,0,0,689,2943,-6159,-6159,0,689,2943,0,0,16007,0
19236,180000,2,1,2,39,-2,-2,-2,-2,-2,-2,11732,6653,-6674,18084,16481,19359,6653,330,36550,16481,21264,16253,0
19237,230000,2,2,1,49,1,-2,-2,-2,-2,-1,0,0,0,0,0,6946,0,0,0,0,6946,0,0
19238,220000,2,1,2,36,-2,-2,-2,-2,-2,-2,122,104,2635,2460,859,2784,104,2653,2472,859,2784,2287,0
19239,200000,2,1,2,35,-2,-2,-2,-2,-2,-2,5956,7690,1530,3107,1683,5784,10402,1530,4000,1683,6031,4512,0
19240,80000,2,2,1,35,-2,-2,-2,-2,-2,-2,17087,1617,8140,7258,20171,5483,1617,8179,7285,20171,5483,42081,0
19241,380000,2,3,1,44,0,0,0,0,-1,-1,7234,4772,4519,3818,4096,4058,1500,2000,2023,4102,4448,7274,0
19242,30000,2,2,1,42,2,0,0,0,0,2,9985,10688,11710,13030,13776,13415,1176,1198,1518,1264,0,1308,1
19243,160000,2,2,1,41,-1,-1,-1,-1,-1,-1,8091,5344,5117,4730,6634,3477,5344,5124,4730,6635,3477,2979,0
19244,60000,2,2,1,47,0,0,0,2,-1,2,27970,28004,31688,30448,452,302,1456,4140,0,904,0,12985,1
19245,100000,2,3,1,42,-1,2,2,-2,-2,-2,7689,2052,1281,3770,2056,5628,0,1281,3786,2056,5634,6013,0
19246,150000,2,2,1,37,-2,-1,-1,-2,-2,-1,0,1771,0,730,626,2718,1771,0,730,626,2718,0,0
19247,100000,2,2,1,38,2,2,2,2,0,0,36414,37516,38622,37706,38148,40630,2000,2000,0,1369,3100,0,0
19248,30000,2,2,2,44,-2,-2,-2,-2,-2,-2,0,1330,2988,0,30000,0,1330,2988,0,30000,0,1219,0
19249,220000,2,1,1,36,1,2,-1,2,-1,3,4086,3855,3055,1375,3338,3032,0,4000,0,3338,0,0,1
19250,220000,2,1,2,38,-1,2,2,2,2,2,2650,2650,150,150,150,150,0,0,0,0,0,0,0
19251,400000,2,2,2,30,-2,-2,-2,-2,-2,-2,-38,9465,4991,466,-1381,3122,10446,5002,504,499,5056,2152,1
19252,680000,2,1,2,30,0,0,-1,-1,-1,0,39639,-45,10251,25094,7327,167520,0,10296,25219,7341,163123,7267,1
19253,280000,2,1,2,30,0,0,0,0,0,0,36269,39229,48190,48758,49219,58412,10300,10018,10026,5000,10000,2401,0
19254,70000,2,2,1,44,0,0,0,0,0,0,34135,27683,28311,24094,21317,9736,2020,5000,3011,1500,1000,1000,0
19255,300000,2,2,1,39,-1,-1,-1,-1,-1,-1,6192,4784,6462,456,-2056,5251,4790,6462,456,0,14447,9196,1
19256,250000,2,2,2,41,-1,-1,-1,-1,-1,-1,312,-18,3600,-10,2022,3809,0,3618,0,2032,3827,3710,0
19257,200000,2,1,2,31,-1,-1,-2,-2,-2,-2,1570,0,0,0,0,0,0,0,0,0,0,0,0
19258,450000,2,1,2,31,-1,-1,-1,-1,0,0,12818,17522,35727,82517,91873,41628,17577,35758,90018,41340,20000,15000,0
19259,30000,2,1,2,33,3,2,2,2,0,0,21167,20529,24191,23510,24813,25264,0,4000,0,2000,1000,2000,1
19260,210000,2,2,2,29,-1,-1,-1,-1,-1,-1,1778,224,2018,0,1118,1858,226,2031,0,1118,1858,620,0
19261,250000,2,1,2,29,2,2,2,2,2,2,124780,127168,125721,122209,126129,127847,5900,4500,0,5954,3900,4826,1
19262,70000,2,2,2,31,0,0,0,0,0,0,64888,64454,103298,50978,51374,52453,2127,2151,2500,1836,1904,1915,0
19263,230000,2,1,2,31,1,-2,-1,-1,-2,-1,-9,-9,986,0,0,900,0,995,0,0,900,0,0
19264,150000,2,2,1,37,-2,-2,-2,-2,-2,-2,0,0,0,283,0,0,0,0,283,0,0,0,0
19265,70000,2,3,1,47,1,2,2,2,2,2,29386,31596,32492,33163,32334,34647,3000,1700,1500,0,3000,1402,0
19266,150000,2,2,1,35,0,0,0,0,0,0,102007,93116,84302,74986,67369,60434,5000,5045,2563,3006,3000,2218,1
19267,200000,2,2,1,37,-1,-1,-1,-1,-1,-1,313,0,313,152,148,498,0,313,152,148,498,148,0
19268,200000,2,4,2,42,-1,0,0,-2,-1,-1,5433,7328,0,0,2621,-72,2000,0,0,2621,0,0,0
19269,300000,2,3,1,42,-1,-1,-2,-2,-1,-1,885,0,0,0,494,0,0,0,0,494,0,138,0
19270,80000,2,3,1,39,-1,-1,-1,0,-1,-1,2921,390,6837,7309,2568,2199,780,6837,1000,2568,2199,4067,1
19271,30000,2,2,2,43,5,4,3,2,0,0,31273,30499,29740,28736,28336,28336,0,0,0,0,0,18,1
19272,100000,2,2,1,40,0,0,0,0,0,0,89236,90828,83479,73749,68512,72518,3162,3523,3025,2344,5000,3000,0
19273,360000,2,1,2,32,0,0,0,0,0,0,290543,118479,112746,102611,92290,51489,7288,6079,6091,6227,5055,27486,0
19274,150000,2,2,2,32,0,0,0,0,0,0,32428,32136,28151,27697,18981,6155,2000,1650,1500,1004,500,1000,0
19275,180000,2,1,2,32,1,-2,-2,-1,-1,-2,-10,-10,-10,5650,-10,-10,0,0,5660,0,0,0,0
19276,210000,2,1,1,33,-2,-2,-2,-2,-2,-2,1345,6087,947,500,1283,500,6087,947,500,1283,500,500,0
19277,110000,2,3,1,41,0,0,0,0,0,0,101316,104930,106053,108641,48519,33448,5300,4300,4800,2500,2000,2000,0
19278,80000,2,2,1,41,-1,-1,-1,-1,0,0,2727,1679,566,61664,58281,58281,1679,566,61664,0,0,4480,0
19279,50000,2,2,2,39,-1,-1,3,2,-1,2,263,1209,946,576,18611,17721,1209,0,0,18611,0,920,0
19280,150000,2,2,1,32,-2,-2,-2,-2,-2,-2,0,0,0,3564,0,0,0,0,3564,0,0,0,0
19281,260000,2,1,2,40,-2,-2,-2,-2,-2,-2,0,0,0,0,0,0,0,0,0,0,0,0,0
19282,200000,2,1,2,33,-2,-2,-2,-2,-2,-2,6421,846,4292,0,0,0,1064,4974,0,0,0,0,0
19283,230000,2,2,2,29,-1,-1,-1,-1,-1,-1,2624,1149,2140,3313,3750,2491,1149,2140,3313,3750,2491,9785,0
19284,70000,2,1,1,32,0,0,0,0,0,0,70178,71312,71314,71595,70040,68927,2900,2766,3648,2700,2487,2600,1
19285,70000,2,1,2,32,2,0,0,0,0,0,34640,35757,37175,38254,39017,39834,2000,2000,1700,1400,1446,1500,1
19286,160000,2,2,2,32,0,0,0,0,0,0,2812,3826,4751,6604,8604,7072,1222,1147,2000,2000,0,766,1
19287,200000,2,3,2,34,0,0,0,0,0,0,195380,199642,188169,191549,195163,194101,7632,6839,6518,6356,6441,6763,0
19288,270000,2,2,2,35,-1,-1,-1,-1,-2,-2,1636,37,2845,-1000,-1000,-1000,37,3000,1000,0,0,0,0
19289,100000,2,2,1,36,0,0,0,0,0,0,97026,96109,97647,91998,69915,72044,5000,5000,3500,3000,3000,5049,0
19290,410000,2,1,1,42,-1,-1,-1,2,-1,-1,12327,2306,4054,3830,3160,49828,2324,4204,0,3160,49828,1647,0
19291,160000,2,2,1,33,-1,-1,-1,-1,-1,-1,1655,4271,3711,2121,2275,2895,4271,3711,2121,2275,2895,8429,0
19292,120000,2,2,2,39,-2,-2,-2,-2,-2,-2,326,3756,326,326,326,476,3756,652,326,326,476,326,1
19293,50000,2,2,1,37,0,0,0,0,-1,-1,12246,11901,11631,11035,1335,90,1196,1261,1000,1335,90,1335,0
19294,450000,2,1,1,38,-2,-2,-2,-2,-2,-2,0,0,0,0,0,0,0,0,0,0,0,0,0
19295,200000,2,2,2,36,0,0,0,0,0,0,193083,195259,196120,168814,163509,172037,9000,8993,7503,6000,11300,6103,0
19296,360000,2,2,2,41,-1,-1,-1,-1,-1,-1,3640,1436,1114,1917,19588,16666,1436,1114,1917,19588,16666,707,0
19297,340000,2,2,1,40,0,0,0,0,0,0,40681,43171,45465,46708,49912,52102,3171,3000,2000,4000,3000,2100,0
19298,300000,2,3,1,40,-2,-2,-2,-2,-2,-2,0,0,0,0,0,0,0,0,0,0,0,0,1
19299,220000,2,3,2,40,0,0,0,0,0,0,220091,203554,207953,156699,157883,161208,7797,8201,7302,5437,5651,5683,0
19300,370000,2,1,2,37,0,0,0,0,0,0,308011,302783,297700,298224,338565,288924,10404,10015,16502,60003,15008,20000,0
19301,170000,2,2,1,39,-1,-1,-1,2,-1,-1,2947,4132,3967,592,864,1738,4134,3967,0,864,1738,1788,0
19302,500000,2,2,2,39,0,0,0,0,0,0,491395,464318,477183,496400,505473,474459,25799,35530,31376,70000,17670,20000,0
19303,100000,2,1,1,36,2,0,0,0,-2,-2,94796,51713,25272,0,0,0,2624,1000,0,0,0,0,0
19304,110000,2,1,2,31,-1,-1,-2,-2,-2,-2,223,0,0,0,0,0,0,0,0,0,0,0,0
19305,230000,2,1,1,31,0,0,-1,2,0,0,23526,12187,3239,3029,3029,800,7005,3239,0,0,0,0,0
19306,230000,2,1,2,31,0,0,0,-1,0,-1,33109,29830,11750,5194,15450,9368,5000,5000,15897,12000,9368,6000,0
19307,150000,2,2,1,33,0,0,0,0,0,0,25849,26852,27882,28894,29313,29924,1735,1765,1777,1196,1233,1238,0
19308,210000,2,1,1,32,-1,0,-1,-1,-1,-1,7544,5525,6876,2692,5560,2866,5255,7067,2696,5560,2866,8680,0
19309,100000,2,3,1,32,-1,-1,2,-1,0,-1,24002,22329,2781,32231,2781,21651,2781,0,32231,0,21651,26748,0
19310,230000,2,1,1,42,0,0,0,0,0,0,147396,151030,145550,135626,103789,108348,10000,7000,5065,5000,10000,5000,0
19311,360000,2,1,2,33,-2,-2,-2,-2,-2,-2,0,0,0,0,0,0,0,0,0,0,0,0,1
19312,360000,2,2,1,34,0,0,0,0,0,0,80540,83715,70881,53344,47058,8674,3933,2001,1318,1134,216,0,0
19313,200000,2,1,2,34,1,-2,-2,-2,-2,-2,-2113,-2113,-2113,-2113,-2113,-2113,0,0,0,0,0,423,1
19314,200000,2,1,1,34,-2,-1,-1,-2,-2,-1,16024,18168,10274,4726,4484,4745,18184,10274,4726,4490,4745,1283,0
19315,150000,2,2,2,33,-1,-1,-1,-1,-1,-1,508,1155,1868,874,1735,1940,1166,1873,876,1741,2245,0,0
19316,110000,2,1,1,41,3,2,2,7,7,7,150,150,150,150,150,150,0,0,0,0,0,0,0
19317,320000,2,2,1,38,-2,-2,-2,-2,-2,-2,0,0,0,111,0,288,0,0,111,0,288,1200,0
19318,50000,2,3,1,44,2,2,2,2,2,2,19178,20088,19499,21578,20940,22605,1500,0,2385,0,2000,0,1
19319,160000,2,2,2,39,0,0,0,0,0,0,32930,20090,49448,38415,59138,77579,14000,40015,1625,32044,27248,3650,0
19320,80000,2,2,1,42,0,0,0,-1,-1,0,43045,43024,9821,600,53900,55000,1301,5098,600,53900,1100,10000,1
19321,100000,2,2,1,35,0,0,0,0,-2,-2,28428,29753,30900,0,0,0,1800,1900,0,0,0,0,0
19322,150000,2,2,1,36,0,0,0,0,0,0,289463,296846,301634,314201,84135,90500,8245,7143,13700,15000,7500,0,0
19323,60000,2,2,1,38,7,6,5,4,3,2,126220,76247,72225,67850,63073,61761,0,880,528,0,0,2380,0
19324,200000,2,1,2,39,-2,-2,-2,-2,-2,-2,345,355,0,0,907,0,355,0,0,907,0,0,0
19325,160000,2,3,1,38,-2,-2,-2,-2,-2,-2,5207,207,207,207,207,207,207,207,207,207,207,207,0
19326,230000,2,2,1,38,-1,-1,-1,0,0,0,4549,0,24962,34372,32630,33334,0,24962,10000,943,1000,1058,0
19327,230000,2,2,1,40,1,-2,-1,-1,-1,-1,0,0,3504,4272,2977,1900,0,3504,4272,2977,1900,0,0
19328,90000,2,3,1,39,1,-2,-2,-1,0,0,0,0,0,873,873,0,0,0,873,0,0,0,0
19329,140000,2,3,1,40,2,0,0,0,2,2,30755,31757,32808,35342,35965,36741,1815,1866,3400,1500,1500,1484,1
19330,30000,2,3,2,41,0,0,0,0,0,2,24217,24216,25254,27099,30297,28817,2000,3000,3000,5000,0,1500,0
19331,320000,2,1,1,41,0,0,0,0,0,0,59807,68080,67745,91798,90936,92588,10000,4200,30000,7,3000,0,0
19332,20000,2,3,1,35,0,0,0,-1,-1,-1,17008,17922,18421,7032,0,1000,1501,1000,7200,0,1000,2017,0
19333,50000,2,3,2,35,-1,-1,-1,-1,-1,-1,3123,1326,2866,4406,2821,1854,1326,2866,4406,2821,1854,1688,0
19334,30000,2,3,1,38,0,0,0,0,0,0,24505,25592,26628,27678,28084,30068,1800,1750,1800,1165,2600,1200,0
19335,160000,2,3,2,36,-1,-1,-1,-1,0,-1,27204,897,1066,1760,880,5510,897,1066,1760,0,5510,0,0
19336,280000,2,2,1,48,-1,-1,0,0,-1,-1,79536,31251,37071,16757,9509,10861,31280,26757,5076,9539,10861,56137,0
19337,390000,2,2,2,35,0,0,0,0,0,0,42286,30038,27402,28352,28066,28215,2389,2414,2378,892,925,938,0
19338,100000,2,3,1,44,0,0,0,0,0,0,41803,73882,75609,77265,78973,81665,33882,4000,4000,4000,5000,5900,1
19339,200000,2,5,2,48,0,0,-2,-2,-2,-2,198540,0,0,0,0,0,0,0,0,0,0,0,0
19340,110000,2,3,1,43,0,0,0,0,0,0,48796,49371,19413,20204,16627,14980,2350,1392,1183,511,1151,482,0
19341,50000,2,2,1,45,0,0,0,0,0,0,48875,50103,46641,31459,28901,29523,2080,1690,1458,1100,1076,1094,0
19342,100000,2,2,1,41,0,0,0,0,0,0,111925,107224,107126,101859,79519,74368,4000,7000,3533,2673,3500,4303,0
19343,200000,2,3,0,31,1,-2,-2,-2,-2,-2,0,0,0,0,0,0,0,0,0,0,0,0,0
19344,250000,2,1,1,34,2,0,0,2,0,0,138380,141223,156858,151841,152803,155997,5136,17994,0,5469,5656,6811,0
19345,20000,2,3,1,48,2,2,2,2,2,2,13836,14805,15865,16062,15509,16558,1500,1595,750,0,1452,0,1
19346,260000,2,2,1,35,-2,-2,-2,-2,-2,-2,3439,10034,256,274,388,766,10127,258,274,388,766,1185,0
19347,20000,2,3,1,31,1,2,0,0,0,0,15043,14509,19092,19113,19483,14523,0,5166,2963,833,812,0,1
19348,320000,2,2,1,44,1,-2,-2,-2,-2,-2,0,0,0,0,0,0,0,0,0,0,0,0,0
19349,30000,2,1,1,37,0,0,0,0,0,0,7979,8301,9156,8983,8141,6422,1149,1191,1079,239,209,206,0
19350,50000,2,2,2,41,0,0,0,0,0,0,39859,38781,26823,26799,26536,27093,1501,2003,1420,937,972,1007,0
19351,80000,2,2,2,36,2,0,0,-2,-2,-2,19671,20650,0,0,0,0,1700,0,0,0,0,0,1
19352,120000,2,2,1,40,1,2,3,2,3,2,57816,62139,60584,63871,62251,63443,5900,0,4900,0,2500,2500,1
19353,290000,2,2,1,49,-1,0,0,0,0,0,37246,36927,39769,35058,36965,38863,3000,3500,2500,2500,2500,2000,0
19354,50000,2,2,1,43,0,0,0,0,0,-2,30530,41460,21897,23404,0,0,2000,2000,2000,0,0,0,0
19355,30000,2,3,1,39,0,0,0,2,0,0,21173,22513,23826,20613,21269,22761,2000,2000,1000,1000,2000,2000,1
19356,580000,2,2,2,33,0,0,0,0,-1,-1,18812,15408,20629,10682,6788,10413,2000,10053,8017,6788,10413,10519,0
19357,270000,2,1,1,41,-1,-1,-1,-1,-1,-1,1278,-4,3564,1280,1898,0,0,3568,1280,1898,0,2605,0
19358,30000,2,3,1,42,2,-1,-1,-1,0,-1,836,836,836,1672,836,390,836,836,1672,0,390,930,0
19359,160000,2,1,1,31,2,2,2,0,0,0,147710,151368,147184,149053,136809,140678,7501,0,5790,4825,6000,5354,0
19360,180000,2,2,2,31,-1,-1,-1,-1,-1,-1,416,416,416,416,416,416,416,416,416,416,416,416,0
19361,20000,2,2,1,34,0,0,2,-1,-1,-1,3223,3176,220,632,0,316,1220,0,632,0,316,782,1
19362,210000,2,2,1,33,-1,-1,-1,-1,-1,-1,7655,1644,2258,8241,428,3537,1644,2261,11008,428,3537,0,0
19363,200000,2,3,1,43,0,0,0,0,0,0,113570,113974,117248,104889,103668,105467,4149,5571,5221,4001,4001,4001,0
19364,130000,2,3,1,43,0,0,0,0,0,0,32667,33822,34975,35943,36447,37259,2000,2000,1850,1400,1400,1400,0
19365,30000,2,5,1,36,-2,-2,-2,-2,-2,-2,8839,0,4342,690,0,99,0,4342,690,0,99,0,0
19366,130000,2,2,1,40,-1,-1,-1,-1,-1,-1,4176,11806,1984,4649,6727,473,11839,3000,4649,6727,473,1669,0
19367,180000,2,3,1,43,-1,-1,-1,-1,-1,0,3122,-26214,98834,34677,55634,44325,16,130000,40057,56000,10000,66000,0
19368,110000,2,2,1,39,0,0,0,0,0,0,93111,91198,85136,80491,78967,80628,3226,3050,2765,2304,2400,1885,0
19369,20000,2,2,1,39,0,0,2,2,0,-1,15299,14112,11221,10656,7928,580,1883,3520,0,1000,580,0,0
19370,150000,2,2,2,35,0,0,0,0,0,0,97268,71876,50043,55182,48983,50136,3500,2000,20000,2000,2000,2000,0
19371,210000,2,3,2,37,1,-1,0,0,0,0,0,202,4202,5152,5444,5786,202,4000,1208,500,400,5380,0
19372,90000,2,2,2,42,0,0,0,-1,-1,-1,92837,95413,94460,10031,11243,3343,4500,2000,10061,11277,3808,14741,0
19373,500000,2,2,1,42,0,0,0,0,0,0,62112,60246,74832,126778,82611,71338,20025,40000,85000,139,20000,29761,0
19374,300000,2,2,1,37,-1,-1,-1,-1,-1,-1,15695,11551,6224,14959,6885,22107,11551,6252,14959,6885,22107,6741,0
19375,370000,2,3,1,33,0,0,0,0,0,0,18082,18339,19031,17345,18245,23200,1628,1320,1100,1000,10000,1000,0
19376,200000,2,2,2,35,0,0,0,0,2,0,104393,108956,109339,113799,75536,66643,6300,4588,6910,30,2375,9577,0
19377,500000,2,4,2,38,-2,-2,-2,-2,-2,-2,2252,2265,24667,40626,9255,8659,2265,24905,40827,30844,8695,3532,0
19378,50000,2,2,2,41,0,0,0,0,-2,-2,43885,45408,36025,0,0,0,2408,2025,0,0,0,0,1
19379,120000,2,2,1,36,0,0,-2,-2,-1,-1,106609,380,0,970,5576,0,380,0,970,5576,0,2785,0
19380,270000,2,2,1,38,0,0,0,0,0,0,62263,60654,59464,54715,51796,53256,3000,3000,3019,5000,5000,10000,0
19381,300000,2,1,1,43,-1,-1,-1,-1,-1,-1,21953,32905,14458,18061,8016,5768,32905,14458,18061,8016,5768,7229,0
19382,90000,2,2,1,37,1,2,2,2,0,0,18255,17664,20667,20042,20408,22073,0,3300,0,1000,2000,0,0
19383,120000,2,2,1,48,-1,-1,-1,-1,0,-1,626,0,1252,1252,1252,626,0,1252,1252,0,626,0,0
19384,90000,2,2,1,47,1,2,2,2,0,0,6681,6426,10289,10816,11333,11997,0,4000,1000,1000,1000,1000,0
19385,350000,2,1,2,41,0,0,0,0,0,0,122017,121505,119522,119947,117328,118400,6000,5900,5800,4100,4500,5000,0
19386,180000,2,2,1,29,1,4,3,2,2,-2,20867,20168,14464,3455,0,0,0,0,0,0,0,0,0
19387,30000,2,3,0,30,0,0,2,2,0,0,24171,27393,28089,25805,21356,15158,3634,1451,9,1003,905,409,0
19388,240000,2,2,2,29,-1,-1,-1,-1,-1,-1,2638,1526,2276,1486,1776,2308,1526,2276,1486,1776,2308,776,1
19389,80000,2,2,1,38,1,2,0,0,0,0,84372,77773,78499,79943,77354,78655,0,2900,3102,3000,3010,3400,0
19390,50000,2,2,1,37,0,0,0,2,0,0,46239,47469,51145,45624,29172,27291,2000,4500,0,1153,1000,1065,1
19391,370000,2,1,1,42,0,0,0,0,0,0,291006,271452,256269,200761,125646,111185,12100,11295,8300,5000,4600,10000,0
19392,150000,2,2,1,43,-2,-2,-2,-2,-2,-2,5446,6671,4839,807,28023,7613,6682,6095,807,28023,7613,4331,0
19393,410000,2,1,2,31,0,0,0,0,0,0,400967,365398,367247,304903,310333,317330,14158,13000,13000,12000,12000,15000,0
19394,230000,2,2,1,32,-1,-1,-1,-1,-1,-1,1680,1535,1836,2274,0,21166,1535,1836,2283,0,21166,1000,0
19395,80000,2,3,2,32,-2,-2,-2,-2,-2,-2,4965,51932,0,2165,39881,14691,51932,0,2165,39881,14691,10500,0
19396,140000,2,1,2,32,0,-1,0,0,0,0,10281,32163,20421,19573,11611,0,32172,1476,2140,1000,0,0,0
19397,180000,2,2,1,32,0,0,0,0,0,-2,5244,8135,12621,17987,-99,-99,3000,5000,15000,0,0,0,0
19398,240000,2,1,1,33,0,0,0,0,0,0,95835,90385,85011,77329,50673,48723,4060,3181,3000,1500,3042,1377,0
19399,160000,2,2,2,30,-2,-2,-2,-2,-2,-2,-38,-38,-38,-38,-38,-38,0,0,0,0,0,0,0
19400,320000,2,1,2,31,-1,-1,-1,-1,-1,0,11910,4401,3345,1104,82434,82319,4445,3398,1104,82434,0,20895,0
19401,80000,2,2,1,35,2,2,-1,-1,-1,-1,252,-1624,2072,1752,1876,1876,0,5572,1752,2000,1876,2071,0
19402,230000,2,2,1,36,0,0,0,2,0,0,3745,4632,4979,631,1635,10244,3000,2023,0,1004,10019,1141,0
19403,230000,2,2,1,40,-2,-2,-2,-2,-2,-2,273,273,2418,1428,4398,5748,273,3588,1428,4398,5748,3768,0
19404,20000,2,2,1,38,0,0,0,0,0,0,11904,13193,12236,13041,13641,14251,1500,1400,1500,1000,1000,0,0
19405,220000,2,2,1,37,0,0,0,0,0,0,158494,156004,149677,152724,142064,142649,7000,7000,7100,5000,5400,5600,0
19406,180000,2,1,1,42,-2,-2,-2,-2,-2,-1,626,0,1290,0,0,1200,0,1290,0,0,1200,0,0
19407,260000,2,2,1,36,0,0,-1,0,-1,0,7258,7935,4979,3976,6623,24426,2037,4979,1019,6623,18119,1382,0
19408,360000,2,2,1,37,-1,-1,0,-1,-1,-1,10000,17444,17165,10000,10000,10000,17444,10035,10000,10000,10000,0,0
19409,210000,2,2,1,36,1,2,0,0,0,0,167970,161852,163600,162303,162799,161912,0,8000,8000,6000,6000,6000,1
19410,200000,2,1,2,32,-2,-2,-2,-2,-2,-2,261,1715,281,1105,354,-2,1723,282,1110,390,0,0,0
19411,350000,2,1,2,35,-2,-2,-2,-2,-2,-1,8526,10892,9218,9834,1458,5225,10951,9274,4711,1472,5251,68361,0
19412,360000,2,1,1,35,1,-2,-2,-2,-2,-2,0,0,0,0,0,0,0,0,0,0,0,558,0
19413,60000,2,2,2,27,0,0,0,3,2,2,30641,33787,42025,41067,40109,42695,3987,8825,0,0,3400,1800,0
19414,190000,2,1,2,47,-1,-1,-1,-1,-1,-1,314,3031,597,1640,306,39506,3031,597,1648,306,39506,697,0
19415,180000,2,1,2,35,0,0,0,0,0,0,24414,22479,21802,20100,16629,15628,2483,2808,2101,3,2000,0,0
19416,230000,2,1,1,37,-2,-2,-2,-2,-2,-2,312,2984,1786,363,437,843,3186,1786,363,437,843,500,1
19417,270000,2,1,1,45,-2,-2,-2,-2,-2,-2,0,0,0,0,0,0,0,0,0,0,0,0,1
19418,220000,2,3,1,45,0,0,0,0,0,0,176879,182100,184900,170611,125433,83709,10150,10000,10000,10053,4000,3000,0
19419,80000,2,1,1,36,-1,-1,-2,-2,-2,-1,78780,0,0,0,0,59349,0,0,0,0,59349,0,0
19420,90000,2,1,2,29,0,0,0,0,0,0,79063,64135,46678,85156,43269,44181,3687,1997,1995,1686,1749,1840,0
19421,500000,2,1,1,35,-2,-1,0,-1,-1,-1,5799,36189,23338,7896,8970,215305,36277,6112,10014,9018,215518,20018,0
19422,210000,2,2,1,35,-1,-1,-1,-1,0,-1,188,971,2871,5087,1943,3392,971,2871,5087,0,3392,4000,1
19423,110000,2,1,2,27,0,0,0,0,2,0,89603,88232,85362,74552,59902,42254,4113,3500,4005,0,1500,1999,0
19424,150000,2,1,2,31,0,0,0,-1,0,0,10778,6798,6221,4711,6711,6711,6000,3039,9050,2000,0,4000,0
19425,90000,2,1,2,33,-1,-1,-1,-1,-1,-1,3000,6000,0,3000,3000,3000,6000,0,3000,3000,3000,3000,0
19426,190000,2,2,1,34,0,0,0,2,2,2,84031,86730,93705,91317,96079,94428,5000,9310,0,7200,0,8000,0
19427,180000,2,2,2,43,0,0,0,0,0,-2,152122,98901,101689,102925,0,0,10000,6500,5000,0,0,0,0
19428,240000,2,2,1,37,0,0,0,0,-1,0,51277,51999,52613,21696,22807,22877,10006,10000,10000,22807,10000,11109,0
19429,200000,2,2,2,28,-1,-1,-1,2,2,-2,4571,0,2983,2780,0,0,0,2983,0,0,0,3125,0
19430,200000,2,3,1,49,1,-2,-1,-1,-1,-1,0,0,2317,7588,7606,14053,0,2317,7588,7614,14053,0,0
19431,160000,2,2,2,38,-2,-2,-2,-1,0,0,0,0,0,68600,70000,0,0,0,68600,1400,0,0,0
19432,240000,2,1,2,27,1,2,0,0,0,-1,7029,3932,2105,2487,777,5300,0,1057,1000,0,5300,1800,0
19433,80000,2,2,1,25,0,0,0,0,0,0,76358,77433,74050,73361,56966,59130,3000,3000,2700,2000,5000,2200,0
19434,180000,2,2,1,39,1,-2,-2,-2,-2,-2,0,0,0,0,0,0,0,0,0,0,0,0,1
19435,80000,2,2,2,26,1,-2,-2,-2,-2,-2,0,0,0,0,0,0,0,0,0,0,0,0,0
19436,70000,2,2,2,26,0,0,0,0,0,0,70805,70087,62750,53600,45215,46486,2600,2231,1800,1700,2000,2000,0
19437,160000,2,2,1,38,0,0,0,-1,-1,-1,73902,119408,134243,12670,6349,10775,50000,20000,30037,6349,11000,4000,0
19438,200000,2,1,2,30,0,0,0,0,0,0,148646,132606,136183,127438,124816,92037,5000,8500,3500,3000,25000,70000,0
19439,20000,2,1,2,34,-2,-2,-2,-2,-2,-2,1789,16745,1464,1466,1691,4565,16745,1464,1466,1691,4565,4570,0
19440,300000,2,2,1,35,0,0,0,0,-1,0,155493,179071,42404,71493,13547,27710,50706,30028,60300,27054,25003,10,0
19441,150000,2,1,1,42,0,0,0,2,2,2,107968,109234,37424,36446,39193,38297,5023,6086,0,5200,0,2769,0
19442,30000,2,1,2,45,1,2,-1,-1,-1,-1,5830,1330,909,390,29570,940,0,909,390,29570,940,3482,0
19443,360000,2,2,2,37,-1,-1,-1,-1,-1,-1,333,333,5043,333,0,333,333,5043,333,0,333,210,1
19444,280000,2,1,1,39,0,0,0,0,0,0,97694,89690,86812,87813,88267,89676,4014,4300,4153,2900,2500,2600,0
19445,30000,2,3,2,23,1,2,0,0,0,0,30335,29546,29826,29997,29789,29967,0,2000,1500,1000,2000,0,0
19446,50000,2,1,2,24,0,0,0,0,0,0,48712,49587,21604,14772,9238,9588,2269,1286,1200,332,500,1000,0
19447,160000,2,4,1,28,-1,-1,-1,-1,-1,-1,819,162,165,165,165,165,162,168,165,165,165,165,0
19448,80000,2,1,2,28,0,0,0,2,2,0,36736,38079,40805,35740,32684,32605,1955,3681,1300,0,1500,1200,0
19449,100000,2,1,2,29,0,0,0,0,0,2,92929,95471,98569,48695,54444,4948,5000,5000,1251,6000,0,1500,0
19450,60000,2,2,1,47,0,0,0,0,0,0,54532,54203,58199,59152,76006,19604,1970,6000,3000,1000,1000,1000,0
19451,420000,2,1,2,27,0,0,0,0,0,0,198604,202935,207548,211990,216362,220728,7518,7763,7768,7768,7877,7934,0
19452,140000,2,2,2,27,-2,-2,-2,-2,-2,-2,0,0,0,0,0,1079,0,0,0,0,1079,88654,0
19453,270000,2,1,2,32,2,2,2,0,0,0,9220,14050,13539,15005,16438,17021,5000,0,2000,2000,1000,1000,1
19454,160000,2,1,1,35,1,-2,-2,-2,-2,-2,0,0,0,0,0,0,0,0,0,0,0,1404,1
19455,230000,2,1,2,31,-1,-1,-1,-1,-1,0,2850,1940,8508,-853,13909,29160,1940,8508,0,19000,19160,0,0
19456,100000,2,1,3,47,0,0,0,0,0,0,43175,42669,42238,41646,40976,40503,1680,1722,1603,1406,1598,1502,0
19457,260000,2,1,2,36,-2,-2,-2,-2,-2,-2,0,132,1109,1181,-18,3791,132,1119,1186,18,3809,1917,0
19458,200000,2,1,2,37,0,0,0,0,0,0,191876,121296,121473,123943,127552,130380,4305,4408,4489,5660,6000,0,0
19459,380000,2,2,1,44,0,0,0,0,0,0,268755,270405,258979,261213,264550,163860,11035,10009,11003,10500,7500,7505,0
19460,130000,2,2,1,33,-1,-1,-1,0,0,-2,41573,0,13853,14277,0,0,0,13853,1000,0,0,0,0
19461,70000,2,2,2,33,1,2,2,2,2,2,67967,66276,71307,71977,70306,71161,0,6124,2500,0,5300,2600,0
19462,270000,2,2,1,33,-1,-1,-1,-1,-1,-1,10148,625,14430,7320,5500,500,625,14430,7325,5500,500,6921,0
19463,30000,2,2,1,49,0,0,0,0,0,0,27922,25214,26755,23235,25008,26761,2000,2000,2000,2000,2000,822,1
19464,290000,2,1,1,37,-1,-1,-1,-1,-1,-1,20565,8741,24250,97542,16950,0,8741,24257,97542,16950,0,21830,0
19465,50000,2,2,2,40,0,0,2,0,0,0,46319,49518,48188,49966,19294,18971,4000,1000,3800,820,900,695,0
19466,30000,2,2,1,40,1,2,2,0,0,0,31230,31348,28034,26251,24133,22527,2007,8,2007,1005,782,2009,1
19467,210000,2,3,1,38,-1,-1,-1,-1,-1,-1,2569,3920,2529,3087,2811,3204,3920,2529,3087,2811,3204,4173,0
19468,220000,2,3,2,43,0,0,0,0,0,0,223022,215787,220680,219459,177765,175238,7750,8397,7349,6518,7000,7000,0
19469,340000,2,2,1,32,0,0,0,0,0,0,61605,64250,66293,57657,53035,54693,3500,3049,2706,1870,3000,4000,0
19470,500000,2,1,1,41,-2,-2,-2,-2,-2,-2,4513,4342,3321,6760,5788,12633,4375,3337,6789,5816,12696,4348,0
19471,30000,2,2,1,31,1,2,0,0,2,0,20494,19867,21045,24681,23985,25099,0,1500,4000,0,1500,6000,0
19472,180000,2,2,1,32,2,2,2,2,2,0,13286,15548,15009,17752,17172,18732,2800,0,3000,0,2000,5000,1
19473,60000,2,2,2,24,0,0,0,0,0,0,53910,55028,56449,56273,28316,30763,2600,2900,2034,2000,3000,1000,0
19474,100000,2,1,2,32,0,-1,0,0,0,0,41531,6120,104346,91025,91120,1777,6157,100000,2017,1822,1777,7748,0
19475,270000,2,2,1,33,-1,-1,2,-1,0,0,7780,7365,3097,48546,47250,46649,2228,0,48546,2000,3000,3000,1
19476,200000,2,2,1,47,-2,-2,-2,-2,-2,-2,8800,0,5738,0,2244,66000,0,5738,1626,2244,66000,30000,0
19477,240000,2,2,1,38,0,0,0,0,0,0,234304,229519,229676,234928,160765,158184,7888,8522,9260,5700,5475,5520,0
19478,110000,2,2,1,40,0,0,0,0,0,0,107035,110156,8871,66482,59578,57961,4000,2500,58000,2000,3000,3500,0
19479,360000,2,1,2,32,0,0,0,0,0,0,167232,166848,149903,138091,138123,140324,6121,7294,6135,4504,4669,4060,0
19480,50000,2,3,2,35,0,0,-1,0,-1,0,54731,51080,45536,38745,37395,19247,1730,52014,1200,19959,1402,811,0
19481,60000,2,2,1,39,0,0,0,-1,0,0,50615,50200,19567,29035,27762,27740,1619,1429,31426,969,998,1545,0
19482,50000,2,2,1,38,0,0,0,2,0,0,5764,6786,9095,8803,8975,9008,1278,2587,0,467,326,329,0
19483,120000,2,1,2,28,-1,-1,-1,-1,-1,0,3564,2063,768,3096,2677,2592,2063,768,3146,2677,0,0,0
19484,140000,2,2,1,48,0,0,0,0,0,0,121096,123064,126749,127244,129495,126663,4407,6100,4518,4694,4745,4876,0
19485,100000,2,2,1,46,1,2,2,0,0,0,97515,99028,96592,99801,27930,27377,4000,0,5000,2000,1116,1500,0
19486,280000,2,3,1,46,2,2,0,0,0,0,506515,491801,62236,54813,38669,18010,0,1803,1475,1105,534,318,1
19487,180000,2,1,1,28,0,0,0,0,0,0,176793,173034,171772,172344,134321,131191,8000,8206,6500,5000,5000,5000,0
19488,180000,2,1,2,28,1,-2,-2,-2,-2,-2,0,0,0,0,0,0,0,0,0,0,0,0,0
19489,150000,2,2,1,37,2,2,2,2,0,0,100390,108784,110405,106317,30906,31457,11600,4800,0,1240,1200,1200,0
19490,180000,2,1,2,42,2,2,2,2,2,2,130304,140191,142477,141674,146312,149133,13600,6000,3000,8500,5300,300,1
19491,180000,2,1,2,35,-1,-1,-1,-1,0,0,19369,7123,4569,29635,6489,0,7123,4569,36124,0,0,0,0
19492,30000,2,2,1,41,0,0,0,0,0,0,25735,27001,28261,29337,26189,21715,2000,2000,2000,500,1000,500,0
19493,380000,2,2,1,48,0,0,0,0,0,0,64001,60427,58603,58359,59527,58482,5000,7000,7359,10000,7000,10000,0
19494,130000,2,3,2,36,-1,-1,-1,-1,-1,-1,1738,1738,1738,1738,1738,1738,1738,1738,1738,1738,1738,1938,0
19495,170000,2,1,2,28,-1,-1,-1,-1,-1,-1,1311,3008,4244,1718,0,1125,3008,4244,1718,0,1125,0,0
19496,220000,2,1,1,43,-1,-1,-1,2,-1,0,941,911,9743,7480,22880,880,920,9752,0,22880,0,7270,1
19497,150000,2,1,1,49,1,-2,-2,-1,-1,-1,0,0,0,12200,16961,3000,0,0,12200,16961,3000,493,0
19498,180000,2,5,2,34,1,-1,-1,-2,-2,-2,0,149,0,0,0,0,149,0,0,0,0,0,0
19499,180000,2,1,2,46,-2,-2,-2,-2,-2,-2,0,0,0,0,0,0,0,0,0,0,0,0,1
19500,360000,2,1,2,27,1,-2,-2,-2,-2,-2,0,0,0,0,0,0,0,0,0,0,0,0,0
19501,150000,2,1,1,30,-1,-1,0,0,0,0,107799,16332,13837,15855,9049,3244,16363,10149,10000,7000,0,0,0
19502,170000,2,5,1,39,-1,-1,-1,-1,0,0,1803,217,10121,12180,15667,9224,218,10121,12180,5011,0,265,0
19503,50000,2,1,2,44,0,0,0,0,0,0,10012,11039,12549,16995,17490,18253,1500,2000,5000,778,1200,752,0
19504,300000,2,1,2,39,0,0,0,0,0,2,87540,89792,91558,93741,99802,97711,5000,4500,5000,8000,0,4000,0
19505,450000,2,1,2,40,-2,-2,-2,-2,-2,-2,799,0,0,0,0,0,0,0,0,0,0,0,0
19506,210000,2,2,1,29,0,0,0,-1,-1,0,145499,107712,-564,4270,143607,144505,4751,0,6000,143754,5000,5314,0
19507,80000,2,2,1,30,2,2,-2,-2,-1,-1,15304,0,0,0,1005,5,0,0,0,1005,0,0,0
19508,240000,2,2,1,32,-2,-2,-2,-2,-2,-2,0,0,0,0,0,0,0,0,0,0,0,0,0
19509,110000,2,2,2,32,0,0,0,0,0,0,68014,68788,70880,72403,73600,75261,2500,3200,3300,3000,3000,2746,0
19510,400000,2,3,1,40,-1,-1,0,-1,-1,-2,27035,28119,31166,35238,1408,4869,28204,33716,37400,1408,4869,5539,0
19511,90000,2,2,1,49,1,-2,-2,-1,-1,-1,0,0,0,2146,2452,6990,0,0,2146,2452,6990,3550,1
19512,210000,2,1,2,29,0,0,0,0,0,0,199251,205143,192260,168511,144980,153706,9025,8507,5740,5128,11000,0,0
19513,260000,2,1,2,31,0,0,0,0,0,0,69343,70585,71430,73837,73271,74266,4000,4000,4007,13990,2056,2623,0
19514,170000,2,1,2,27,0,0,0,0,-1,0,89909,61785,17848,14000,124208,122955,8941,3848,4000,124208,5000,5000,0
19515,210000,2,2,2,30,1,-2,-1,-1,2,0,0,0,474,17171,16625,17030,0,474,17171,0,800,5000,0
19516,200000,2,1,1,38,1,-2,-2,-2,-2,-2,0,0,0,0,0,0,0,0,0,0,0,0,0
19517,560000,2,1,1,45,0,0,0,0,0,0,34669,150228,151425,143343,127225,130479,150000,60052,10268,27225,15000,20000,0
19518,540000,2,1,2,34,-1,-1,-1,-1,-1,-1,1128,1784,892,946,946,946,1784,892,1000,946,946,946,0
19519,100000,2,2,1,29,-1,-1,-2,-2,-2,-2,500,0,0,0,0,0,0,0,0,0,0,0,0
19520,80000,2,2,1,26,0,0,0,0,-2,-2,77758,80468,82150,0,0,0,4000,4000,0,0,0,0,1
19521,30000,2,2,1,35,2,2,2,2,2,0,23785,20946,23785,24422,23688,19626,0,3500,1319,0,800,1610,1
19522,80000,2,2,1,28,0,0,0,0,0,0,77856,76079,78410,55417,50733,50441,3670,4520,3311,50441,1800,2100,1
19523,50000,2,1,2,28,2,2,0,0,0,0,19930,19316,20347,21354,21630,23123,0,1646,1653,929,2000,0,1
19524,120000,2,1,2,26,0,0,0,0,0,0,43629,56933,54724,32400,9207,5828,25000,45000,5151,2000,5000,9115,0
19525,240000,2,2,1,32,0,0,0,-2,-2,-2,24615,27500,0,0,0,0,5000,0,0,0,0,0,0
19526,260000,2,2,1,33,-2,-2,-2,-2,-2,-2,3342,8978,4331,13860,1987,5626,9023,4353,13929,1997,5654,3964,0
19527,280000,2,2,2,33,0,0,0,0,0,-1,71174,66228,39379,13409,40854,2930,2290,1304,1000,29485,2930,0,0
19528,30000,2,2,1,35,0,0,0,0,0,0,31955,30429,27286,21919,19015,2732,1800,1388,1501,1001,2732,3280,1
19529,150000,2,3,2,38,1,-2,-1,2,2,2,1589,1335,9447,4887,11181,6692,1339,9460,0,6702,16,8242,0
19530,350000,2,2,1,36,0,0,0,0,0,0,21026,35588,38002,40357,43663,52735,15000,3000,3000,4000,10000,25000,1
19531,100000,2,2,2,34,-1,-1,-1,-1,-1,-2,1919,1831,163,1028,0,0,1831,163,1028,0,0,0,0
19532,320000,2,1,1,46,-1,-1,-1,-1,-1,-1,57593,534,2709,0,7779,0,534,2709,0,7779,0,417,0
19533,380000,2,2,1,41,3,3,2,0,0,0,415735,400246,384705,383332,381423,377466,0,0,15135,13212,13529,15212,1
19534,40000,2,2,2,43,1,3,2,2,3,2,9268,8974,8885,10583,10269,9960,0,200,2000,0,0,1200,0
19535,100000,2,3,1,43,0,0,0,0,0,0,5719,6633,3461,4471,4560,4656,1043,1064,1074,163,169,169,0
19536,270000,2,1,2,30,0,0,0,0,0,0,81488,76257,70685,66539,61069,56211,3000,5000,3000,2200,2100,3879,0
19537,30000,2,3,1,44,2,0,0,0,0,0,26627,27631,29179,30146,26371,27567,1452,2000,1500,933,2000,3000,1
19538,50000,2,2,2,40,0,-1,-1,-1,-2,-2,19869,15584,4377,0,0,0,15584,4377,0,0,0,0,0
19539,180000,2,1,2,30,0,0,0,0,0,0,44478,40311,43847,50763,69026,32030,8000,10000,10000,23000,5000,4000,0
19540,150000,2,1,2,31,-2,-2,-2,-2,-2,-2,5596,2569,0,0,0,302,2573,0,0,0,302,176,0
19541,360000,2,1,1,32,0,0,0,0,0,0,16039,20396,19382,13874,9398,10773,5000,2000,5019,2000,2500,5000,0
19542,170000,2,1,1,38,-1,-1,-2,-2,-2,-1,5910,0,0,0,0,3001,0,0,0,0,3001,9436,0
19543,140000,2,2,2,37,0,0,0,0,0,0,86858,89509,91476,92591,95887,97739,5000,4300,3600,5000,3310,3400,0
19544,90000,2,2,1,41,0,0,0,0,0,0,25388,26460,26711,27722,28116,28552,1800,1747,1758,1152,1038,1073,0
19545,20000,2,3,2,46,-1,-1,-1,-1,-1,-1,942,942,9849,3870,6630,1170,942,9849,3870,6700,4780,150,0
19546,160000,2,3,1,28,2,2,2,2,0,0,132528,135846,136732,101473,100895,103107,7000,5000,0,3770,4000,4000,0
19547,30000,2,2,2,36,0,0,0,0,0,0,26535,27131,27294,27853,28033,28756,1433,1481,1430,1000,1543,1200,0
19548,300000,2,2,1,38,1,-2,-2,-1,0,-1,0,0,0,1000,890,390,0,0,1000,390,390,540,1
19549,80000,2,2,2,24,2,0,0,0,0,0,81228,76590,73327,69760,50642,48690,3400,2800,3038,2000,2000,2000,1
19550,360000,2,1,2,32,0,0,0,0,0,0,11358,17580,17416,14789,11800,21831,7079,7000,5000,0,11831,13000,1
19551,460000,2,1,2,41,0,-1,-1,-2,-2,-1,6302,31293,0,0,0,18165,31321,0,0,0,18165,2008,0
19552,30000,2,3,2,46,2,2,-1,2,0,0,19830,15915,1736,1170,780,780,0,1736,0,0,0,0,0
19553,80000,2,2,1,37,-1,-1,-1,-1,-1,-1,2000,2000,2000,2000,2000,2000,2000,2000,2000,2000,2000,4206,1
19554,140000,2,5,2,25,0,0,0,0,0,0,91485,78704,79449,45514,42155,42812,3009,3411,1523,1352,1526,1505,0
19555,280000,2,2,1,43,2,-1,-1,-1,-1,-1,644,499,1641,5280,6913,-741,499,1641,5280,6915,0,0,0
19556,300000,2,2,1,28,0,0,0,-1,0,0,30631,14623,9728,28960,26589,18171,1373,1010,42348,0,0,173,0
19557,30000,2,2,1,29,2,2,2,0,0,2,15361,18274,17697,18416,20099,21631,3175,0,1317,2000,2000,0,1
19558,500000,2,1,1,37,0,0,0,0,0,0,208068,188873,170225,170407,196150,167748,30072,10093,20031,60030,15008,8008,0
19559,180000,2,2,1,42,0,0,0,0,0,2,258662,265416,279551,285045,298652,296036,11056,20000,12000,18000,0,5651,0
19560,160000,2,3,1,37,0,0,0,0,0,0,17500,15933,19536,7550,6977,7811,10000,10000,3006,3000,3000,0,0
19561,200000,2,1,1,40,-2,-2,-2,-2,-2,-2,0,0,2479,0,0,0,0,2479,0,0,0,0,0
19562,130000,2,2,1,37,0,0,0,0,0,0,110434,108740,122873,122870,120373,134146,4100,20000,6000,5000,20000,6000,0
19563,230000,2,3,2,30,-1,-1,-2,-2,-2,-1,2380,0,0,0,0,31868,0,0,0,0,31868,13216,0
19564,230000,2,1,2,34,-1,-1,-1,-1,-1,-1,3251,4342,2557,4440,4832,6059,4347,2557,4443,4832,6314,7897,1
19565,60000,2,3,1,48,-1,-1,-1,-1,-1,-1,316,316,316,316,316,316,316,316,316,316,316,316,1
19566,80000,2,2,1,47,-1,2,2,-1,-1,-1,4166,3908,0,3521,0,14206,0,0,3521,0,14206,7500,0
19567,240000,2,2,1,47,-2,-1,-1,-2,-1,-1,27884,23222,0,0,13143,27383,23610,0,0,13143,27383,21718,0
19568,240000,2,2,2,30,0,-1,0,0,0,0,35380,64013,51380,25438,19376,12889,64013,1651,1705,564,2093,144734,0
19569,220000,2,3,1,33,-2,-2,-2,-2,-2,-2,1037,1062,0,0,0,0,1062,0,0,0,0,0,0
19570,50000,2,2,1,44,0,0,0,0,0,0,10950,5662,6797,7565,9565,11357,1097,1232,1000,2000,2000,4000,1
19571,50000,2,3,1,42,0,0,0,0,0,0,50562,50906,48888,47037,12187,9962,2000,2009,1180,1000,1000,348,0
19572,50000,2,2,1,38,-1,-1,-1,-1,-1,-1,588,588,588,926,643,643,588,588,926,643,643,643,0
19573,90000,2,2,1,39,-2,-2,-2,-2,-2,-2,1330,950,1330,950,950,11786,950,1330,950,950,11786,1250,1
19574,80000,2,2,2,46,0,0,0,2,0,0,79812,80717,80366,74782,47767,49278,2854,7014,44,1693,4000,0,0
19575,190000,2,3,1,43,0,0,0,0,0,0,93359,95376,98954,101512,106708,109639,3404,4954,4512,6708,4639,4793,0
19576,210000,2,1,1,31,0,0,0,0,0,0,157544,160437,129247,119579,120318,107122,7505,7072,4009,8000,10000,12000,0
19577,370000,2,2,1,45,0,0,0,-1,-1,-1,137250,141167,103000,41200,1109,99723,5927,5000,41200,1109,99723,5000,0
19578,80000,2,2,1,45,1,2,2,2,2,2,53916,52462,55327,56804,57469,58505,0,4327,3000,2200,2100,0,1
19579,220000,2,2,1,32,0,0,0,0,0,0,28853,29145,27171,22067,17831,15671,2000,4000,1420,2000,3000,30789,0
19580,230000,2,2,1,44,-1,-1,-1,-1,0,-1,899,1000,1685,3207,1941,329,1000,1685,3207,0,329,2208,0
19581,200000,2,2,1,39,-1,-1,-1,-1,-1,-1,13145,15549,21375,9312,23958,10825,15571,21488,9312,23958,10825,10773,0
19582,400000,2,1,2,31,-1,-1,-1,0,0,0,5974,2600,110958,164959,130737,128312,2600,110958,110000,20000,58312,9031,0
19583,80000,2,2,2,44,0,0,0,0,-1,-1,22771,17047,11885,8254,5144,15365,1239,1435,1350,5144,15365,2250,0
19584,360000,2,2,1,36,0,0,0,0,0,0,16557,18369,20067,48307,12918,12375,3000,2000,29079,1066,1000,1000,0
19585,310000,2,1,2,35,0,0,0,0,0,0,308105,303679,278488,256962,262381,278117,13088,9834,9500,9700,20200,11000,1
19586,150000,2,1,2,29,0,0,0,0,0,0,80299,81963,84641,86330,88885,97402,3000,4000,4000,4000,10000,4000,0
19587,80000,2,2,2,30,0,0,0,-1,0,0,90562,85919,83023,79031,41149,30244,3340,2000,83731,2000,2000,1000,0
19588,40000,2,2,1,30,2,2,2,2,2,2,14408,15370,16320,16456,16492,16086,1500,1500,700,600,0,1600,1
19589,320000,2,1,2,30,0,0,0,0,0,0,2419,3193,5127,6871,7751,8623,2000,2000,2000,1000,1000,1000,0
19590,170000,2,2,2,38,0,0,0,0,0,0,153123,151050,148362,142223,126060,123978,7000,6000,5012,5000,5000,5000,0
19591,80000,2,2,2,36,0,0,0,0,0,0,23347,29927,53599,52038,53175,55751,10000,24369,2500,2500,5000,2700,0
19592,420000,2,1,1,33,2,-1,0,-1,-1,0,8117,20837,21610,10654,4427,1800,20837,1118,10658,6341,0,3,0
19593,170000,2,2,1,45,0,0,0,0,0,0,169625,169944,169829,162988,125969,127643,6081,6336,5205,4452,4592,4677,0
19594,230000,2,1,1,40,-1,-1,-2,-1,-1,-2,1163,0,1487,826,-4,-4,0,1487,830,0,0,1342,0
19595,200000,2,1,1,35,0,0,0,0,-2,-2,20375,12588,9571,0,0,0,1089,1526,0,0,0,0,0
19596,430000,2,2,1,42,2,2,2,2,2,2,282880,289358,296219,300873,294527,308523,12700,13000,11000,0,19000,15000,1
19597,100000,2,2,1,32,0,0,0,2,0,0,18641,23380,33045,32346,36597,46121,5000,10000,0,5000,10000,0,0
19598,210000,2,1,2,32,1,-1,-1,-1,-1,-1,15207,16529,16915,16266,571,18827,16529,16920,16266,0,19136,0,0
19599,50000,2,1,1,40,-2,-2,-2,-2,-2,-2,0,1470,0,0,591,426,1470,0,0,591,426,595,0
19600,290000,2,1,2,36,0,0,0,0,0,0,57721,57256,57094,55293,54738,55435,2514,3007,2004,2101,2503,2503,0
19601,200000,2,1,2,32,-2,-2,-2,-2,-2,-2,0,0,2090,0,0,2820,0,2090,0,0,2820,10540,0
19602,170000,2,1,2,37,-2,-2,-2,-2,-2,-2,7365,255,4884,4442,1800,0,255,4892,4478,1800,0,150,0
19603,30000,2,2,2,38,0,0,-2,-2,-2,-2,9730,0,0,0,0,0,0,0,0,0,0,0,0
19604,360000,2,2,1,48,-2,-2,-2,-2,-2,-2,2500,0,0,0,0,0,0,0,0,0,0,0,1
19605,110000,2,1,2,31,1,-2,-2,-2,-2,-2,0,0,0,0,0,0,0,0,0,0,0,0,0
19606,180000,2,1,1,31,0,0,0,2,2,2,151776,157050,167293,168074,167235,179461,9300,14300,5000,3400,15000,6017,0
19607,220000,2,2,2,34,0,0,0,0,0,0,93815,96121,56148,35642,33516,30177,4300,2407,2000,2000,1100,1000,0
19608,190000,2,2,2,34,0,0,0,0,0,0,90945,77668,79321,80401,80872,77377,3500,3500,3000,3083,3000,3000,0
19609,150000,2,4,2,29,0,0,-1,-1,0,0,17196,12991,3305,11164,18803,22891,2012,3310,11164,18800,10000,16910,0
19610,350000,2,2,1,38,0,0,0,0,0,0,62862,79927,76057,65139,56984,55038,24000,6000,5000,3000,6000,5000,0
19611,240000,2,2,1,47,0,0,0,0,0,0,121386,123877,127344,125050,126479,130266,6000,7000,6500,5000,6000,6000,0
19612,230000,2,2,2,30,-2,-1,0,0,0,0,0,63508,59835,60963,59337,71089,63508,2300,2200,2200,25000,2400,0
19613,500000,2,1,1,29,-2,-2,-2,-2,-2,-2,6887,2926,2546,5495,180,-486,2940,2569,6360,3,0,3012,0
19614,160000,2,2,1,30,-1,-1,-1,-1,-1,2,33712,14116,-2985,1472,2985,1513,14116,0,4457,1513,0,1328,0
19615,290000,2,1,2,30,0,0,0,0,0,0,41626,8341,17333,34539,35288,35438,5004,10000,18000,1200,3000,2000,0
19616,50000,1,2,2,30,0,0,0,0,0,0,22459,48535,49350,26499,21071,18713,26499,2248,1332,544,713,3703,0
19617,270000,2,1,2,30,2,2,2,0,0,0,172933,184761,164009,161843,151862,0,19028,0,3451,5004,0,0,1
19618,260000,2,2,2,30,-2,-2,-2,-2,-2,-2,4456,177,1406,1006,436,5860,177,1406,1006,440,5860,1306,0
19619,180000,2,3,1,31,-2,-1,-1,-1,-1,0,10790,7239,30418,31370,13496,23943,7239,30418,31370,13496,12000,22593,0
19620,180000,2,2,2,32,-2,-2,-2,-2,-2,-2,0,0,1980,0,0,858,0,1980,0,0,858,0,0
19621,50000,2,5,1,33,0,0,0,0,0,0,43268,39605,39702,39200,40000,0,2011,2000,1000,800,0,0,0
19622,50000,2,2,1,34,2,0,0,0,0,0,47993,49051,39945,40254,20040,3563,2010,1904,2214,1000,129,131,1
19623,80000,2,1,1,37,-1,0,-1,-1,-1,-1,27695,15372,25919,18449,2655,20808,10000,25919,18449,2655,20808,0,1
19624,250000,2,2,1,37,0,0,0,0,0,0,212954,215928,221963,224949,229577,234221,8000,9510,8160,8364,8493,8625,0
19625,80000,2,2,1,45,0,0,0,-2,-2,-2,81328,82150,0,0,0,0,3750,0,0,0,0,0,0
19626,160000,2,2,1,37,0,-1,-1,-1,0,-1,13307,22887,16846,2150,1033,8264,22887,16890,2150,0,8264,8799,0
19627,30000,2,2,2,42,0,0,0,0,0,0,27855,30787,30128,25178,21060,16893,5000,5137,2189,2007,1009,655,0
19628,100000,2,2,1,44,0,-1,-1,-1,-1,-1,1603,1440,1440,1440,1440,6059,1440,1440,1440,1440,6059,1440,0
19629,100000,2,2,1,46,1,-1,-1,-1,-2,-2,0,766,305,0,0,0,766,305,0,0,0,0,0
19630,130000,2,2,1,45,-1,2,-1,-1,-1,-1,1980,990,990,990,990,1130,0,990,990,990,1130,1000,0
19631,80000,2,2,1,35,0,0,0,0,0,0,81513,82816,74170,73609,46443,47231,3612,2830,2194,1797,2000,2000,0
19632,170000,2,1,1,41,0,0,0,0,0,0,93095,95044,98505,99970,102303,104654,3500,5000,4000,4000,4000,4000,0
19633,280000,2,1,1,42,-2,-2,-2,-2,-2,-2,6425,3746,3863,5740,0,1170,3746,3863,5740,0,1170,4198,0
19634,500000,2,3,1,44,2,-1,0,0,0,-1,1273,79108,329774,328950,336073,1257,79113,255005,6780,8401,1262,2120,1
19635,300000,2,2,2,41,-1,-1,-1,-1,-1,-1,1215,43909,27785,5221,1278,3245,43943,27863,5234,1278,3245,22,0
19636,310000,2,2,1,42,0,-1,-1,2,-1,-1,21692,19697,17257,7900,17161,14585,19697,2270,4,17161,7030,0,0
19637,120000,2,1,2,29,-1,2,-1,-1,2,0,8318,2730,3647,10730,1835,5843,0,3647,10752,0,5658,6928,0
19638,50000,2,3,1,49,2,0,0,0,-2,-2,48297,50487,51400,0,0,0,3000,2400,0,0,0,0,1
19639,340000,2,4,2,29,0,0,0,0,0,0,262621,167331,169625,104501,102700,103824,24298,7068,8015,10053,15000,9507,0
19640,90000,2,1,2,31,2,2,3,3,3,2,20052,79532,79872,80662,80740,83275,59872,2200,2700,2000,4000,2200,0
19641,60000,2,1,2,32,1,2,0,0,0,2,17992,17405,18619,19636,20326,21534,0,1500,1328,1018,1687,778,1
19642,380000,2,1,2,29,0,0,0,0,0,0,384979,276655,174060,172167,142135,152135,20000,9500,4180,0,10000,5000,0
19643,200000,2,1,2,29,-2,-2,-2,-2,-2,-2,2692,4399,5555,5818,3686,2014,4403,5573,5947,3686,2041,2540,0
19644,460000,2,1,2,29,0,0,0,0,0,0,82315,170894,160223,160894,165246,169983,90150,7018,7000,7002,8007,8038,0
19645,300000,2,2,1,30,-1,2,-1,-1,-1,-1,10940,10104,1610,2749,155,3167,0,1610,2768,155,3167,435,0
19646,360000,2,1,2,30,-2,-2,-2,-2,-2,-2,4765,3415,1539,6501,3458,2786,3434,1546,6541,3475,2788,5710,0
19647,120000,2,2,1,30,0,0,-1,-1,0,0,25657,27877,1150,29225,25893,11707,3000,2000,29225,2000,2000,20000,0
19648,500000,2,2,1,31,1,-1,-1,-1,0,0,0,5377,4131,44588,44388,5085,5377,4131,44588,0,0,3148,0
19649,210000,2,1,1,33,0,0,0,0,0,0,199851,190551,192717,195700,150525,137565,7000,7791,7000,5254,5400,5380,1
19650,180000,2,2,1,33,2,2,2,2,2,2,115166,122519,123087,126564,123040,129098,10800,4000,7000,0,8200,1500,1
19651,200000,2,2,1,32,0,0,0,0,0,0,47550,51427,52672,53682,51841,52921,5000,2672,2492,2006,2069,2258,0
19652,240000,2,2,1,32,0,0,-2,-2,-2,-2,12000,0,0,0,0,0,0,0,0,0,0,0,0
19653,50000,2,2,1,32,-2,-2,-2,-2,-2,-2,943,0,0,0,20650,0,10528,0,0,20650,0,0,0
19654,240000,2,1,2,32,-1,0,0,0,0,0,89988,27329,21061,27585,18019,18116,18063,18008,27067,18046,10018,17038,0
19655,160000,2,3,1,33,-1,2,-1,-1,-2,-2,2364,1095,2190,0,0,0,0,2190,0,0,0,0,1
19656,150000,2,1,2,33,0,0,0,0,0,0,11529,6745,6177,7215,7644,8367,2000,1262,1300,700,1000,950,0
19657,100000,2,1,2,33,-1,2,2,-1,0,0,5640,1570,0,3198,3198,5198,0,0,3198,0,2000,3348,0
19658,50000,2,2,2,33,1,2,0,0,0,0,49633,48475,41848,40136,40626,41970,24,2039,1965,1455,2000,1877,0
19659,180000,2,1,2,33,-1,0,0,0,0,0,31689,30210,39634,42625,44935,48436,10000,10000,5000,3000,10000,30000,0
19660,50000,2,2,1,33,1,2,0,0,2,0,23250,22578,23611,25825,25111,25708,0,1397,2611,0,1000,1092,1
19661,20000,2,3,3,44,0,0,2,2,0,0,18126,20771,20434,19874,19546,0,3599,1200,1000,400,0,0,1
19662,120000,2,2,2,39,-1,-1,-1,2,-1,-1,2753,0,390,390,780,1206,0,780,0,780,1206,0,0
19663,320000,2,1,2,44,-1,-1,-1,-1,-1,-1,29227,49177,143588,82261,44242,22999,49619,143588,82691,44242,24010,128424,0
19664,370000,2,2,1,36,0,0,0,0,0,0,219386,181046,169132,128553,88817,83763,10500,14045,8553,8817,10763,2526,0
19665,210000,2,2,2,37,0,0,0,0,0,0,26557,31090,58054,44624,43339,44245,5000,28008,15000,1552,1605,1615,0
19666,220000,2,3,2,40,0,0,0,2,0,0,197139,166221,178594,174330,179525,184562,6500,15000,0,8000,8000,15000,0
19667,220000,2,2,2,41,0,0,0,0,0,0,119951,122336,126415,127447,129983,132727,4375,6047,4622,4652,4838,4838,0
19668,210000,2,3,2,36,2,0,0,0,0,0,420522,203447,206683,99411,63322,73433,16000,6549,4500,2407,12700,3200,0
19669,200000,2,2,1,34,0,0,0,0,0,0,5481,6430,4494,4771,9454,8595,1068,1140,1000,5000,3000,3000,0
19670,180000,2,2,1,41,0,0,0,0,0,0,9309,7596,9086,11477,4817,7121,1119,1609,3000,2500,5000,5000,0
19671,60000,2,2,1,44,1,2,0,0,0,0,61049,57244,47551,36795,30596,28354,0,2400,2100,1300,1300,1300,0
19672,430000,2,2,1,37,0,0,0,0,0,0,17800,18175,11153,11073,2853,3177,2003,2000,1030,2350,2000,1150,0
19673,20000,2,2,1,34,0,0,0,0,0,-1,5185,6547,8879,10926,17536,2090,2000,3000,3000,7000,2090,0,0
19674,50000,2,2,1,35,0,0,0,0,0,0,48658,50709,36114,23706,20166,19930,3000,2000,3005,700,1000,1000,0
19675,500000,2,1,2,38,-2,-2,-2,-2,-2,-2,2937,5242,17840,11303,6943,16409,5242,17840,11642,6943,16409,3362,0
19676,340000,2,1,2,37,0,0,0,0,0,0,334125,335778,343792,301895,198944,197439,13562,15000,12000,8120,7720,4000,0
19677,80000,2,3,1,40,-1,2,-1,-1,-1,-1,780,390,390,25190,390,390,0,390,25190,390,390,9278,1
19678,230000,2,1,1,41,0,0,0,0,0,0,54598,48568,43140,34039,26622,11891,1528,1538,1777,1160,1500,1000,0
19679,170000,2,2,2,37,0,0,0,0,0,0,170687,29570,31776,34228,36645,38885,3000,3000,3000,3000,3000,3000,0
19680,260000,2,2,1,40,-1,-1,-1,-1,-1,0,411,209,217,613,2339,1474,209,217,613,2339,0,1254,0
19681,120000,2,2,1,34,0,-1,-1,-1,-1,-1,8505,4086,6389,4520,8708,1520,4086,6389,4520,8708,1520,1520,0
19682,110000,2,2,1,39,0,0,0,0,0,0,102801,104907,108107,96213,68003,52684,3818,4955,3446,3000,3000,4000,0
19683,200000,2,2,1,46,0,0,0,0,0,0,106651,103173,104137,103422,95206,65108,3692,5000,3300,2500,2930,1500,0
19684,80000,2,3,1,46,0,0,-1,2,-1,-1,25505,14696,1278,1107,16634,2136,1000,2278,0,17000,2500,0,1
19685,420000,2,3,2,35,0,0,0,0,0,0,65958,63715,62201,56125,49114,47563,3500,3002,2200,1700,1800,1700,0
19686,50000,2,1,1,38,0,0,0,2,0,0,10379,11200,14568,14008,14827,19297,1000,3560,0,1000,4656,712,1
19687,30000,2,2,1,39,2,2,0,0,0,0,31207,30399,30147,29366,29555,29793,0,2000,1500,1010,1055,1089,1
19688,210000,2,3,1,40,0,-1,-1,-1,-1,-1,2616,7537,6730,3447,16220,5566,7537,6730,3447,16220,7564,2632,0
19689,240000,2,1,1,33,0,0,0,0,0,0,214361,218626,223329,227820,227154,231935,7830,8231,8332,8187,8500,8029,0
19690,240000,2,1,1,45,-1,-1,-1,-1,-1,-1,8732,5286,5596,3328,3763,9529,5286,5596,3328,3763,9529,4895,0
19691,390000,2,2,1,37,0,0,0,0,0,0,175363,164292,144731,145140,130727,131619,5551,5358,5500,5000,20000,10000,0
19692,30000,2,2,2,33,-2,-2,-2,-2,-2,-2,498,4831,477,8560,1550,955,4831,477,8561,1550,955,570,0
19693,50000,2,3,1,37,-1,2,0,0,0,0,2564,2378,4167,5438,6193,6939,0,2000,1500,1000,1000,1000,0
19694,70000,2,2,1,49,0,0,0,0,0,0,64049,66079,67488,58246,48859,46688,3700,3100,2200,1600,1850,1800,1
19695,180000,2,2,1,38,0,0,0,0,0,2,36479,38813,40611,42641,45287,44577,2810,2600,2568,3214,0,1630,0
19696,180000,2,3,1,49,0,0,0,0,0,0,92140,92517,94808,89137,88637,84966,3892,5002,3153,5000,3037,3200,0
19697,470000,2,1,1,37,0,0,0,0,0,0,163000,160298,135683,128719,116173,104283,10047,5001,6010,4512,4012,3522,0
19698,120000,2,2,1,38,2,2,2,2,2,2,63700,65069,66450,67373,68186,68959,3000,3000,2600,2500,2000,3000,1
19699,390000,2,2,1,33,-1,-1,-1,-1,-1,-1,8243,4610,7599,2947,86790,3628,4644,7677,2947,87476,3639,7769,0
19700,50000,2,3,1,48,1,2,0,0,0,0,49621,46863,46153,45284,23653,20733,0,2010,1807,812,743,844,1
19701,50000,2,3,1,39,0,0,0,0,0,0,48694,46514,47771,43739,29090,24317,1803,2060,2025,1375,1035,900,0
19702,140000,2,1,2,32,0,0,0,0,0,0,112933,114564,118713,121248,123232,126242,5000,6000,6000,5500,5000,6000,0
19703,160000,2,1,1,40,-2,-2,-2,-2,-2,-2,0,3843,1876,4493,5929,2973,3843,1891,4520,5950,2979,5188,0
19704,30000,2,3,1,37,0,-1,-1,0,0,0,3860,780,27557,28433,29477,28910,780,27557,2000,1500,1100,1500,0
19705,20000,2,2,1,31,0,0,0,0,-2,-2,5500,8360,6000,0,0,0,3000,1000,0,0,0,0,0
19706,100000,2,2,1,47,-1,-1,-1,-1,-1,-2,6666,6666,0,6270,-396,-396,6666,0,6270,0,0,0,1
19707,80000,2,2,1,47,0,0,0,0,0,0,2795,3807,4595,5172,5278,3206,1067,1121,1000,106,64,1000,0
19708,40000,2,2,2,24,1,3,2,2,0,0,24171,23498,24235,23557,24025,24528,0,1400,0,850,880,884,1
19709,180000,2,1,2,28,0,0,0,0,0,0,131007,131632,136239,138116,135246,130436,5000,7000,6500,5000,5000,5000,0
19710,80000,2,2,1,34,0,0,-1,-1,0,0,8413,4942,989,2799,2818,3638,1029,1225,2799,2000,2000,2000,0
19711,300000,2,4,1,41,-1,-1,-1,-1,0,-1,3399,0,4358,862,862,287,0,4358,862,0,287,5159,0
19712,220000,2,1,2,29,3,3,2,2,2,0,4695,4488,4283,5807,5568,5827,0,0,1587,0,500,586,1
19713,80000,2,1,2,27,0,0,0,0,0,0,35303,36215,37330,38407,39168,40037,1800,2000,2000,1700,1650,3200,0
19714,290000,2,1,2,27,-2,-2,-2,-2,-2,-2,-4,-4,853,0,71,-73,0,857,0,71,0,14688,0
19715,360000,2,1,2,28,0,0,-2,-1,0,-1,5446,-8,-8,4635,3875,1034,0,0,4643,1019,1039,984,0
19716,500000,2,2,1,32,-1,0,0,-1,-1,-2,26455,12229,989,2008,-59,11835,7060,1003,2018,59,11894,2,0
19717,430000,2,1,2,34,1,2,0,0,2,0,14965,11576,14099,15128,14647,16317,0,3000,3500,0,2000,2000,0
19718,280000,2,3,2,35,0,0,-1,0,0,0,5716,0,105082,105908,98380,93649,0,105082,4172,3408,3489,5295,0
19719,150000,2,1,1,28,0,-1,-1,-1,-1,-1,58322,36865,32311,12791,390,1508,36865,32311,12956,390,1508,2224,0
19720,200000,2,1,1,32,0,0,0,0,0,0,101685,100328,151733,147327,59949,39197,4000,59949,6000,2000,2000,2000,0
19721,110000,2,3,2,27,0,0,0,0,0,0,105979,108403,109172,111940,108594,111239,5340,4000,4600,4000,4450,4100,0
19722,150000,2,3,2,30,0,0,0,0,0,0,24523,22224,20880,17305,16094,18516,2029,3030,3118,3003,3040,2050,0
19723,120000,2,1,1,39,-1,0,0,0,0,0,32598,51662,30285,24879,29479,27553,20092,10000,6000,5000,7553,14587,0
19724,500000,2,1,1,44,0,-1,-1,0,0,0,329570,71921,367979,294969,189612,128459,72001,368199,6486,234,90,167116,0
19725,270000,2,2,2,28,0,0,0,0,0,0,38875,38589,27846,21787,16429,5488,6000,2000,1200,330,2000,8258,0
19726,50000,2,2,2,29,0,0,0,0,0,0,24399,23495,22611,14174,10809,9004,4000,5000,4000,3000,1000,3000,0
19727,300000,2,3,2,30,2,2,2,2,2,2,131957,134790,137637,138886,140116,147715,6500,6500,5000,5000,10000,7000,0
19728,140000,2,2,2,30,0,0,0,0,0,0,97288,98068,98098,97055,97035,101525,4400,4500,3500,3500,8000,500,1
19729,170000,2,1,2,32,-1,-1,-1,-1,-1,-1,6699,2999,4896,68,2761,2673,2999,4904,68,2761,2673,1861,0
19730,320000,2,2,1,35,0,0,0,0,0,0,158942,155925,126767,114110,109637,95850,5057,4606,5800,3375,3324,2500,0
19731,200000,2,3,1,39,-1,0,0,0,0,0,145687,146519,144315,130807,124688,122518,7627,4631,5066,5033,5007,5125,0
19732,50000,2,2,1,31,-2,-2,-2,-2,-2,-2,0,323,0,0,0,0,323,0,0,0,0,0,0
19733,120000,2,2,1,32,0,0,0,0,0,0,37981,36149,37179,38500,38955,39926,1586,1616,1937,1392,1596,1684,0
19734,170000,2,2,2,38,-1,-1,-1,-1,-1,-1,13451,10539,2087,6720,23000,0,10539,2087,6720,23000,0,44400,0
19735,150000,2,1,2,40,-2,-1,-1,-1,-1,-1,798,2305,1036,5022,3938,316,2309,1036,5048,3946,316,314,0
19736,200000,2,1,2,27,0,0,0,0,0,0,62574,63814,65265,66234,62356,55080,2278,2473,2161,2075,1973,2000,0
19737,110000,2,1,1,30,0,0,0,0,0,0,49069,14241,15205,16267,53869,54138,1600,1500,1400,38002,1415,1010,0
19738,50000,2,2,1,35,3,2,0,0,0,0,50437,49317,42052,22679,19099,19648,0,2000,1500,1000,1000,1000,0
19739,50000,2,3,1,42,0,0,0,0,0,0,13562,14821,16657,17863,16811,16802,1500,2500,1518,1000,2000,1000,0
19740,50000,2,2,1,46,2,3,3,2,0,0,64350,63192,57205,54371,19946,17406,5000,0,0,613,573,593,1
19741,110000,2,2,1,30,0,0,0,0,0,0,101706,102946,104260,104162,104754,105707,3687,3850,3670,3662,4000,3795,0
19742,160000,2,1,2,32,-2,-2,-2,-2,-2,-2,6919,2384,3642,9889,4473,5375,2389,3642,9889,4473,5591,4951,0
19743,20000,2,2,2,43,-1,2,0,0,0,0,6483,6233,7254,8106,8418,8440,0,1283,1135,447,306,307,1
19744,200000,2,2,1,48,0,0,0,0,0,0,93713,59223,50290,49771,92192,90772,1866,1762,1827,53248,3293,3314,0
19745,460000,2,1,1,45,-1,-1,-1,-1,-1,-1,184,1899,1819,1572,237,1572,1904,1819,1572,237,1572,230,0
19746,50000,2,3,2,43,2,-1,-1,-1,-1,-1,344,5036,1780,5808,390,780,5128,1780,5808,390,780,0,0
19747,80000,2,2,2,35,0,0,0,0,0,0,28590,27635,26808,27680,26658,27324,1500,1600,3400,1300,3000,2000,0
19748,180000,2,1,1,40,-1,-1,-1,-1,-1,-1,15118,6041,1459,2178,2634,968,6047,3262,2178,2634,968,2432,0
19749,440000,2,2,2,39,0,0,0,0,0,0,431557,743970,423621,385873,364175,376228,18174,20341,13005,15410,72000,14500,0
19750,300000,2,2,2,31,-2,-2,-2,-2,-2,-2,188,188,585,207,0,0,188,585,207,0,0,378,0
19751,180000,2,2,2,33,-1,-1,-1,-1,-1,-1,437,0,437,0,4013,0,0,437,0,4013,0,1518,1
19752,80000,2,2,2,47,-1,2,-1,-1,0,-1,3598,2464,7156,2099,915,915,2,7156,2099,0,915,1065,0
19753,20000,2,2,1,41,1,2,2,0,0,0,10774,11596,11119,12429,12370,12659,1300,0,1502,443,489,2961,1
19754,310000,2,1,1,36,0,0,0,0,0,0,101941,71874,70459,72958,55547,30970,3016,3031,10091,1429,1500,10207,0
19755,180000,2,1,1,41,1,-2,-2,-1,-1,-2,1520,-10,-10,3844,0,0,10,0,3854,0,0,0,0
19756,20000,2,2,1,42,2,0,0,0,0,0,15552,16560,17278,18289,18653,19195,1575,1293,1304,668,843,853,1
19757,480000,2,1,1,38,0,0,0,0,0,0,29414,33482,37501,41399,35489,33081,5002,5002,5031,1006,986,986,0
19758,90000,2,2,1,33,0,0,0,0,2,2,75451,76395,79168,84904,87914,90043,2800,4000,8000,5348,3700,3128,0
19759,310000,2,1,2,35,-1,0,0,0,-1,-1,27089,37919,40136,31242,18962,9950,20000,21890,15000,9481,19900,0,0
19760,310000,2,1,1,35,0,0,0,0,0,0,143072,153378,176904,174117,125526,108107,30000,30000,10054,10000,10000,5000,0
19761,200000,2,2,1,34,0,-1,-1,2,-1,-1,7026,3815,4864,1958,805,3046,6599,5748,1958,805,3100,1311,0
19762,100000,2,2,1,34,-1,2,2,-1,-1,-1,246,246,123,7286,123,123,123,0,7286,123,123,123,1
19763,100000,2,3,1,35,0,0,0,0,0,0,79277,80928,81284,71748,67577,68217,3580,3439,2474,2400,2500,2523,0
19764,370000,2,2,1,35,0,0,0,0,0,0,201666,200757,192231,187486,191019,186529,7094,8500,6983,6500,7150,7000,0
19765,60000,2,3,1,46,0,0,0,0,0,0,58584,59250,52413,44436,28098,26749,2700,2219,1727,1120,1500,1100,0
19766,50000,2,2,2,39,2,2,0,0,0,0,50932,49799,47652,49336,28390,28985,0,2098,2782,936,971,874,0
19767,280000,2,1,2,35,0,0,0,0,0,0,92095,173354,193994,195250,204850,86279,83959,28869,13000,10000,5279,6160,0
19768,90000,2,3,1,46,0,0,0,0,0,0,5965,6978,8152,9009,9359,9460,1120,1293,1150,500,400,400,1
19769,360000,2,3,2,45,-2,-2,-2,-2,-2,-2,0,700,0,0,1526,0,700,0,0,1526,0,0,0
19770,100000,2,3,1,47,0,0,0,0,0,0,139550,70620,70000,70298,69677,69672,3500,2600,3000,2500,2500,2500,0
19771,30000,2,3,1,37,2,2,2,2,2,2,21368,22194,18098,14542,15758,13149,1500,1400,0,1527,0,524,1
19772,230000,2,5,2,40,-2,-2,-1,-1,0,0,0,0,150,1528,3028,4117,0,150,1528,1500,1500,4000,0
19773,180000,2,2,1,44,-1,-1,-1,-1,-1,-2,108,131,550,99,0,0,131,550,99,0,0,0,0
19774,150000,2,3,1,48,0,0,-1,-1,-1,-1,9730,0,1366,1388,3118,1148,0,1366,1388,3118,1148,496,0
19775,240000,2,1,1,37,0,0,0,0,0,0,86701,90251,92900,93876,91678,94280,5000,5000,3511,4000,4000,4000,0
19776,110000,2,2,1,42,0,0,0,2,2,0,5174,6184,8383,8394,7709,8084,1106,2393,300,0,500,500,0
19777,180000,2,1,2,36,-1,-1,-1,0,0,0,980,960,20924,65041,50983,48533,960,20964,50988,110,971,1677,0
19778,50000,2,2,1,42,0,0,0,0,0,0,41836,26598,14487,16233,18543,20240,6000,2000,2000,3000,2000,2000,0
19779,170000,2,3,2,44,-2,-2,-2,-2,-2,-2,0,0,0,0,0,0,0,0,0,0,0,0,0
19780,120000,2,1,1,42,0,0,0,0,0,0,112237,114467,116900,119228,121805,115463,4097,4278,4308,11540,5685,4390,0
19781,400000,2,2,1,45,-2,-2,-1,-1,-1,-1,10985,2441,16046,2483,10719,1722,2441,16046,2483,10719,1722,2836,0
19782,240000,2,2,1,40,-1,-1,-1,-1,-1,-1,390,390,390,390,232,540,390,390,390,232,698,390,0
19783,50000,2,2,2,37,1,2,2,2,0,0,47071,40218,24587,14999,13410,7378,148,3115,3,1000,415,565,1
19784,290000,2,2,1,35,1,-1,-1,-1,0,0,0,1839,1750,19117,12693,28468,1839,1750,19117,400,2000,3496,0
19785,150000,2,2,2,36,0,0,0,0,0,0,134797,138269,144163,146171,136004,138903,5600,8000,5775,5000,5200,3320,1
19786,170000,2,1,2,40,-2,-2,-1,0,0,0,-3549,-8964,157499,160946,50228,53525,4557,168499,12008,3000,4000,10000,0
19787,230000,2,1,1,46,-2,-2,-2,-2,-2,-2,4957,9463,7697,5308,2048,6283,9467,7697,5308,2048,6283,18157,0
19788,180000,2,1,2,38,-2,-2,-2,-2,-2,-2,0,0,0,0,0,0,0,0,0,0,0,0,0
19789,260000,2,1,1,41,1,-1,-1,-1,-1,-1,0,5848,0,8839,62140,6647,5848,0,8839,62140,6647,7573,0
19790,90000,2,2,1,41,0,0,0,0,0,0,61287,62678,63198,61633,62837,69422,3021,4236,3000,2000,7000,0,0
19791,520000,2,1,2,35,0,0,0,0,0,0,57536,60912,56728,55758,57911,54152,5000,7000,5000,5004,5000,5000,0
19792,50000,2,3,1,40,0,0,0,0,0,0,48489,49495,50866,48390,17953,23,1813,2184,1248,359,0,20706,1
19793,320000,2,1,1,45,1,-2,-2,-1,-1,-1,0,0,0,370,9301,0,0,0,370,9301,0,0,0
19794,60000,2,3,1,42,0,0,2,2,2,0,26536,26443,18486,19077,18487,18429,5000,0,3000,2,1000,1000,0
19795,180000,2,2,1,39,-1,-1,0,-1,0,0,2569,11662,11867,8111,6312,3739,11662,6003,8111,273,3739,6547,0
19796,290000,2,2,2,43,-1,0,0,0,0,0,170373,168738,103299,104583,106447,104045,5007,3500,3500,4000,4000,5000,0
19797,300000,2,2,1,40,-2,-2,-2,-2,-2,-2,0,0,2454,217960,0,0,0,2454,218000,0,0,179999,0
19798,220000,2,1,1,47,-1,-1,-1,-1,-1,-1,3148,4206,30770,949,3359,619,4206,30775,949,3359,619,6641,0
19799,70000,2,2,1,32,0,0,2,2,2,2,15623,18370,19281,18674,21361,21872,3009,1500,0,3000,1000,0,1
19800,150000,2,3,1,40,-2,-2,-2,-2,-2,-2,0,0,0,0,0,4095,0,0,0,0,4095,0,0
19801,80000,2,2,1,40,-1,-1,0,-1,-1,-1,3463,5143,8351,3234,1819,1909,5143,6458,3917,1819,2299,1909,0
19802,10000,2,3,1,41,-1,2,-1,-1,2,2,1838,1651,172,2034,2069,1891,0,179,2034,214,0,283,1
19803,280000,2,2,1,46,0,0,0,0,0,0,34433,34763,25048,24116,50483,47056,1383,1647,1004,41551,2056,1670,0
19804,450000,2,2,1,43,-1,-1,-1,-1,-1,-1,1448,6018,10402,6110,7848,14279,6018,10426,6110,7848,14279,20723,0
19805,230000,2,2,2,34,-2,-2,-2,-2,-2,-2,1716,1518,909,-1307,-3237,-5459,1518,1000,0,0,0,0,0
19806,320000,2,1,2,35,-2,-2,-2,-2,-2,-2,0,0,2500,0,0,0,0,2500,0,0,0,0,1
19807,200000,2,2,1,42,0,0,0,0,0,0,25897,33587,46126,63720,80736,93354,10000,15000,20000,20000,15000,20000,0
19808,60000,2,2,1,37,0,0,0,0,0,0,38670,37606,35189,31373,28455,26598,1606,1674,1420,937,1006,1039,0
19809,50000,2,3,1,31,0,0,0,0,0,0,29731,30329,26823,27454,27286,27858,1500,1500,1500,1000,956,1000,0
19810,30000,2,3,1,47,1,2,2,2,0,0,13012,13502,13892,14369,15333,16289,1000,900,1000,1200,1200,1200,0
19811,260000,2,1,2,36,-1,-1,-1,0,0,0,5160,0,15362,21068,27669,32202,0,15362,10000,7000,5000,5000,0
19812,210000,2,2,1,42,-2,-2,-2,-2,-2,-2,7065,1459,1835,2396,0,0,1459,1835,2396,0,0,0,0
19813,290000,2,2,2,41,-1,0,0,0,0,0,32192,32595,14688,17105,18875,21304,2500,13500,3000,3000,3000,2000,0
19814,20000,2,3,1,41,0,0,2,0,0,0,6667,8989,8685,7698,8425,7900,2600,0,1300,1000,286,505,0
19815,100000,2,3,1,45,3,2,2,2,-1,-1,94471,92058,97624,94316,2065,0,0,8806,0,2065,0,0,1
19816,230000,2,2,1,40,0,0,0,0,0,0,33907,35038,36574,36985,37701,30735,2000,2100,1500,1000,1000,1000,0
19817,300000,2,1,1,36,0,0,0,0,0,-1,28292,28686,29052,16662,9187,3617,1583,1364,1042,402,3631,7796,0
19818,20000,2,2,2,33,2,0,0,0,0,0,19946,18694,17228,16923,10467,10526,1593,1340,1171,402,600,538,1
19819,30000,2,3,1,42,0,0,0,2,2,2,21969,23306,27851,27098,29866,29276,1706,5251,0,3519,0,1368,1
19820,170000,2,2,2,43,1,-1,-1,-1,-1,-1,0,1010,970,290,590,1222,1010,970,290,590,1222,0,0
19821,200000,2,2,1,46,-1,2,2,-1,-1,2,2893,2881,1436,1261,2849,1438,1436,0,1261,2849,0,1261,1
19822,50000,2,3,2,46,0,0,0,0,0,0,47788,48885,49273,40385,36901,29263,2201,2250,1509,1329,1300,1200,0
19823,20000,2,2,1,41,0,0,0,0,0,0,20441,20245,20070,20621,20347,20389,1700,1700,1600,700,710,1001,0
19824,60000,2,2,1,32,0,0,0,0,0,0,59274,59240,59631,58105,57194,60650,2131,2133,2050,2191,5300,0,0
19825,20000,2,2,1,46,3,3,2,0,0,0,10145,9836,10525,18930,19320,19861,0,1000,9000,1000,1000,400,1
19826,220000,2,2,2,35,-2,-2,-2,-2,-2,-2,3327,-17,2706,0,0,92472,0,2723,0,0,92472,10000,0
19827,20000,2,3,1,43,0,0,0,0,0,0,14959,32006,17139,17979,18518,15243,1600,1700,1500,1000,1000,1780,0
19828,70000,2,2,2,33,0,-1,0,0,0,0,9286,2748,4689,6569,4909,0,2748,2000,2009,2000,0,0,0
19829,380000,2,1,1,43,0,0,0,0,0,0,121868,114627,102551,101323,84087,86661,6000,5000,5000,5000,5000,5000,0
19830,30000,2,3,1,48,0,0,0,2,0,0,36956,35422,35714,32193,29979,28191,1553,3345,0,1000,1000,1000,0
19831,200000,2,2,2,35,1,-1,2,-1,0,0,-3258,7244,3498,10494,6996,3498,14000,0,10494,0,0,16248,0
19832,80000,2,2,2,36,1,2,2,2,0,0,81606,154026,82385,79795,48999,48161,0,7600,5,2000,2000,2000,1
19833,150000,2,2,2,38,0,0,0,0,0,0,26495,24906,6763,6581,6733,6882,1291,1101,1098,250,247,300,0
19834,210000,2,2,1,40,0,0,0,0,0,0,111508,113753,116845,113571,105052,104167,4100,5000,4009,3500,4000,5000,0
19835,70000,2,3,1,43,2,0,0,0,0,0,46092,40094,39610,31047,27431,16693,1700,1700,1243,1000,500,1000,0
19836,280000,2,2,2,38,0,0,0,0,0,0,92579,94451,96041,98301,74624,75173,4300,4000,4033,3000,3300,3500,0
19837,140000,2,2,1,35,-1,-1,-1,-1,-1,-1,326,326,6410,4246,326,326,326,6736,4246,326,326,502,0
19838,200000,2,4,1,44,-2,-2,-2,-2,-2,-2,0,1904,0,0,0,2206,1904,0,0,0,2206,686,0
19839,170000,2,2,2,40,0,0,0,0,0,0,117338,116936,115762,101581,100182,99565,4211,4002,4006,3412,3486,4000,0
19840,50000,2,2,1,49,1,2,2,2,0,0,19208,19608,22608,21951,22287,22778,1000,3321,0,1000,1000,1001,0
19841,90000,2,2,1,32,0,0,-2,-1,-1,-2,4857,-43,-43,968,4385,17889,0,0,1011,4385,17889,9455,0
19842,130000,2,1,1,33,0,0,0,0,0,0,63505,64121,66351,73399,71007,71253,5000,5000,10000,3000,3000,3228,0
19843,250000,2,1,1,40,2,2,2,0,0,0,170489,181700,177530,181147,184784,195574,13926,0,6408,6478,13629,0,0
19844,120000,2,1,2,35,2,2,2,2,0,0,110581,104687,112279,108089,88594,87630,0,10800,0,3500,3400,3500,1
19845,490000,2,1,1,37,1,2,0,0,0,0,18961,11232,19173,20400,27979,27622,0,9173,5400,7979,7622,0,0
19846,200000,2,1,1,43,1,-1,-1,-2,-2,-1,0,601,0,0,0,259,601,0,0,0,259,150,1
19847,200000,2,2,1,42,0,0,0,0,0,0,192821,196113,202774,176737,147151,148866,8000,10120,6500,5500,7000,6000,0
19848,100000,2,2,1,30,2,-1,-1,0,0,0,736,1237,40476,41408,36362,34213,1237,43757,2005,1500,2000,2000,0
19849,280000,2,1,2,31,-1,-1,-1,-1,-1,-1,14697,4492,1415,15251,316,316,4501,2343,15289,316,316,3179,0
19850,290000,2,1,2,34,0,0,0,0,0,0,21849,9318,7964,10335,12000,13463,1500,2016,5000,2000,1463,3365,0
19851,160000,2,5,1,45,0,0,0,0,0,0,151214,154669,154102,149903,148435,158498,6000,5500,7000,6000,12500,6500,0
19852,230000,2,2,1,45,0,0,0,0,0,0,71149,71922,77500,72851,72860,48758,3000,11261,10000,2100,5000,5000,0
19853,130000,2,2,1,49,0,0,0,0,0,0,53714,55404,56566,57139,58300,59523,2570,2650,2100,2100,2150,3000,0
19854,420000,2,1,1,42,1,-2,-2,-2,-2,-2,0,0,0,0,0,0,0,0,0,0,0,0,1
19855,20000,2,2,2,46,0,0,0,0,0,0,15717,16724,18051,18759,19132,19684,1276,1603,1311,684,860,874,0
19856,70000,2,2,1,38,1,2,0,0,2,0,73688,70254,71281,73229,71426,68911,0,2800,6500,0,2821,5500,1
19857,230000,2,1,1,47,-2,-2,-2,-2,-2,-2,-96,2935,2889,17978,9462,8134,3031,2889,17993,9468,8949,3915,0
19858,340000,2,1,2,38,0,0,0,0,0,0,250475,244597,241509,275045,268429,262575,11000,11060,50008,8400,10000,10000,0
19859,420000,2,1,2,34,0,0,0,0,-1,-1,19406,17791,11796,3089,4624,210,6000,1600,1000,4641,210,3523,0
19860,140000,2,1,1,34,0,0,0,0,0,0,22848,24459,26254,27728,28047,29315,2000,2000,2000,1000,1500,2000,0
19861,30000,2,3,1,26,0,0,0,-1,0,0,27217,24346,9237,5881,29083,23795,1179,1361,5921,23665,566,213,0
19862,50000,2,2,2,27,1,2,0,0,2,2,51176,48900,48854,50243,51187,47551,0,2200,3700,2000,0,2000,1
19863,430000,2,2,2,27,0,0,0,0,0,0,401298,433835,399755,357082,363968,346718,40000,15140,15000,12565,15000,13000,0
19864,260000,2,3,1,41,0,-1,-1,0,0,0,2472,8160,4549,5502,3487,5416,8160,4549,1056,139,2000,381,1
19865,180000,2,1,2,34,-2,-2,-2,-2,-2,-2,-20,50664,3200,2990,12280,56020,50684,3200,2990,12280,56020,5450,0
19866,100000,2,2,1,33,1,2,2,2,2,2,12560,16103,11166,10099,10861,9932,0,4250,0,1209,0,1000,0
19867,160000,2,2,1,39,0,0,-2,-2,-1,-1,106260,0,0,0,390,86188,0,0,0,390,86188,3272,0
19868,260000,2,1,1,38,-2,-2,-2,-2,-2,-2,0,0,0,0,0,0,0,0,0,0,0,0,0
19869,200000,2,2,1,33,0,0,0,0,0,0,23870,25168,26451,27437,29401,31939,2000,2000,1437,2401,3000,6000,0
19870,450000,2,1,2,34,-2,-2,-2,-2,-2,-2,1494,538,3218,0,429,168,538,3218,0,429,168,168,0
19871,390000,2,2,1,34,0,-1,-1,-1,-2,-2,1162,759,695,-448,-1228,-1228,759,699,115,712,0,235,0
19872,390000,2,1,1,35,-1,0,-1,-1,-1,-1,43098,55068,15216,16659,35241,14216,42000,15224,16659,35241,14216,72944,0
19873,40000,2,2,1,38,0,0,0,2,0,0,37539,38132,41217,40255,39135,37235,2000,4000,0,1700,3000,0,1
19874,500000,2,2,1,46,0,0,2,2,0,0,198342,212155,185142,115640,78082,80588,19000,5000,0,5000,10000,50000,0
19875,180000,2,2,1,39,-1,-1,-1,-1,-1,-1,5360,6176,398,629,0,978,6207,398,629,0,978,2198,0
19876,100000,2,3,1,39,1,-1,-1,-1,-1,-1,-5,580,2207,630,540,0,585,2207,630,540,0,0,0
19877,50000,2,2,2,42,0,0,-1,0,0,0,37606,17971,10812,12237,13057,15057,3000,15000,2000,2000,2000,0,0
19878,40000,2,2,1,38,0,0,0,0,0,0,40125,38809,36485,28152,22161,19789,2006,2002,1603,1000,2000,0,0
19879,350000,2,1,2,46,-1,-1,-1,-2,-2,-2,5372,12179,0,0,0,0,12277,0,0,0,0,0,0
19880,360000,2,1,1,37,-1,-1,-1,-2,-2,-2,1568,2500,0,0,0,0,2500,0,0,0,0,0,0
19881,200000,2,2,2,36,0,0,0,0,0,0,9738,10749,11773,12784,13039,13314,1177,1201,1212,467,485,1147,1
19882,230000,2,1,2,38,-2,-2,-2,-2,-1,0,2581,2929,6966,1935,6665,11254,2929,6966,1935,6665,8000,15941,0
19883,200000,2,2,2,39,-2,-2,-2,-2,-2,-2,2880,0,0,0,2894,210,0,0,0,2894,210,2595,0
19884,230000,2,2,1,42,-2,-2,-2,-2,-2,-1,7906,2131,5733,4292,4694,4709,2138,5756,4303,4711,4741,6037,0
19885,500000,2,1,2,31,1,-1,-1,-1,-1,0,29091,5763,15673,9393,69526,37940,5763,15691,9393,69526,5000,20000,0
19886,230000,2,2,1,32,0,0,0,0,0,0,198704,202217,204255,207347,51134,50222,10000,10000,10000,50000,2000,2000,0
19887,340000,2,1,2,34,0,0,0,0,0,0,332916,340159,73004,72338,58935,123936,14600,3035,1958,2819,100000,3000,0
19888,20000,2,1,1,47,0,0,0,2,0,0,13963,15227,17968,17382,18094,19399,1500,3000,0,1000,1600,0,1
19889,20000,2,3,1,48,0,0,0,0,0,0,14203,15215,16544,17250,17604,19993,1252,1581,1287,641,2684,0,0
19890,310000,2,3,1,35,0,0,0,0,0,0,83719,81138,87523,77902,82165,97298,5000,18088,5500,6300,17300,25500,0
19891,160000,2,2,1,36,-1,-1,-1,-1,-1,-1,2054,1949,2562,8582,2758,0,1950,2562,8582,2758,0,4163,0
19892,230000,2,3,1,41,-2,-2,-2,-2,-2,-2,34578,495,502,944,5814,965,495,502,950,5820,965,1028,0
19893,200000,2,1,2,40,-1,-1,-2,-2,-1,0,7277,-6,-6,3044,4412,3412,6,0,3050,4412,0,0,0
19894,120000,2,2,1,42,0,0,0,0,0,0,114740,113994,113989,115225,116511,112823,4038,5000,4000,5000,4000,5000,0
19895,350000,2,2,2,37,0,0,0,0,0,0,336061,343205,351794,357090,342253,276516,12701,14100,12109,11482,11841,115165,0
19896,170000,2,2,1,32,1,2,-1,-1,0,0,9990,4647,1399,6548,1399,0,0,1399,6548,0,0,0,1
19897,240000,2,3,2,35,0,0,0,0,0,-1,18086,11226,7899,8072,728,24511,1133,1124,2000,728,24709,1972,0
19898,100000,2,2,1,49,1,-2,-2,-2,-2,-2,0,0,0,0,0,0,0,0,0,0,0,0,0
19899,130000,2,1,2,33,2,2,0,0,0,0,73250,71473,73892,74400,62134,63430,0,3572,2645,1813,1878,2210,1
19900,410000,2,2,1,41,2,0,0,0,0,0,348559,354506,363666,369776,368779,369358,13000,14600,15500,14000,13580,14000,1
19901,200000,2,3,1,42,-1,-1,-1,2,-1,0,390,742,4352,390,780,390,742,4000,0,780,0,1757,0
19902,60000,2,2,1,45,0,0,0,0,0,0,59998,59702,61188,57459,26551,24901,2152,2464,1462,847,1007,3004,0
19903,400000,2,2,1,44,-2,-2,-2,-2,-2,-2,0,804,11192,0,0,0,804,11242,0,0,0,0,0
19904,380000,2,1,1,40,-2,-2,-2,-2,-2,-2,12839,11097,10933,62602,6408,16791,11212,10933,62602,150000,16791,5777,0
19905,210000,2,2,2,43,-2,-2,-2,-2,-2,-2,3577,1003,0,0,0,0,1003,0,0,0,0,150,0
19906,500000,2,1,2,45,-1,-1,-1,0,-1,-1,290,5640,52858,151479,29343,2355,5692,52858,100756,29488,2365,8762,0
19907,100000,2,2,1,42,2,2,0,0,0,0,91534,88637,90169,84714,69482,70226,0,4458,2973,2606,2696,2695,1
19908,80000,2,2,1,44,-1,0,-1,-1,-1,-1,3995,2045,824,0,1000,0,1000,824,0,1000,0,0,0
19909,80000,2,2,2,31,-1,-1,-1,-1,-1,-1,1068,0,100,0,1050,-150,0,100,0,1050,0,0,1
19910,200000,2,1,2,33,0,0,0,0,0,0,77670,80051,80906,82088,81564,87241,6782,5000,4000,3000,9000,4000,0
19911,260000,2,2,2,31,0,0,0,0,0,0,69957,72727,73562,65954,30948,0,3945,2764,5431,633,0,0,0
19912,310000,2,2,2,31,0,0,0,0,0,0,309080,314220,288581,294745,301286,306515,11900,12000,12500,12930,12000,13500,0
19913,30000,2,2,2,32,0,0,0,0,0,0,29480,30394,28072,28885,29287,23012,1431,1579,1402,804,732,1820,1
19914,50000,2,3,1,33,0,0,0,0,0,0,40757,39847,37561,36725,35346,33810,2000,1719,1783,1200,1200,1500,0
19915,310000,2,2,1,46,0,0,0,0,0,0,43990,45872,47135,46944,49121,51337,3000,3000,2000,3000,3000,1000,0
19916,500000,2,3,2,40,0,0,0,0,0,0,212961,264961,237006,139311,128095,181304,63000,20078,30141,30000,60000,50000,0
19917,30000,2,1,1,49,-2,-2,-2,-2,-2,-2,3340,0,1220,480,0,174,0,1220,480,0,174,1162,0
19918,160000,2,2,1,45,-1,-1,-1,-1,-1,-1,3650,1650,5650,3300,1650,1650,1650,5650,3300,1650,1650,1650,0
19919,350000,2,2,1,44,0,-1,-1,-1,-1,-1,110472,100849,5800,369718,2000,5910,100957,5800,371718,2180,5910,6000,0
19920,350000,2,1,1,44,-1,-1,-1,-1,-1,0,4025,2820,3094,0,330,330,2820,3094,0,330,0,1240,1
19921,50000,2,0,1,40,0,0,0,0,0,0,44749,46229,46798,47647,40500,41921,2229,2298,2100,2500,1921,8432,0
19922,30000,2,2,2,44,0,0,0,0,0,0,9725,10766,12070,11973,10166,7966,1200,1500,2000,1166,3500,1500,0
19923,110000,2,2,2,31,0,0,0,0,0,0,98531,99593,100093,90437,75701,77013,3577,3680,3030,2701,2674,2669,1
19924,50000,2,2,1,31,0,0,0,0,0,0,22716,19198,19462,14841,11088,10301,2000,1510,4000,1000,600,500,0
19925,320000,2,2,1,34,0,0,0,0,0,0,3825,3835,6746,9472,11777,14282,3000,3000,3000,3000,3000,4000,0
19926,80000,2,1,2,34,-1,2,-1,-1,-1,-1,652,326,326,326,326,326,0,326,326,326,326,326,1
19927,40000,2,3,1,42,0,0,0,0,0,0,40285,40024,39706,36431,37154,37306,1658,1601,1587,1310,1510,2000,1
19928,330000,2,2,1,39,1,-1,-1,-1,2,-1,0,1380,0,404,404,24420,1380,0,404,0,24420,480,0
19929,160000,2,3,1,36,-2,-2,-2,-2,-2,-2,170,1062,0,0,0,0,1062,0,0,0,0,0,0
19930,210000,2,2,1,49,-1,-1,-1,-1,-1,-1,11790,2230,390,3470,390,2140,2230,390,3470,390,2140,780,0
19931,50000,2,2,1,36,0,0,0,0,0,0,26277,25371,22790,23372,22216,19586,1700,1800,1300,1000,1000,900,0
19932,50000,2,3,2,49,0,0,2,0,0,0,46468,50669,48701,49066,30177,29274,5000,0,2500,1151,1156,1052,1
19933,120000,2,1,2,36,0,0,0,0,0,0,71199,71993,73652,75482,76686,47781,2574,2816,3200,2911,1800,2000,0
19934,150000,2,1,1,45,-2,-2,-1,2,2,-2,882,258,629,349,2825,2240,258,629,3,2825,0,2011,0
19935,100000,2,2,2,31,-1,-1,0,0,0,0,960,4348,73689,76148,77254,78967,4348,70000,4000,3000,3000,3000,0
19936,50000,2,2,2,31,2,2,2,2,-2,-1,50539,50017,48310,420,560,29793,1000,0,420,560,29793,0,0
19937,240000,2,1,2,36,0,0,2,0,0,2,176035,196664,192140,194357,205637,202417,25228,0,6947,14402,33,7167,0
19938,230000,2,1,1,39,1,-2,-1,-1,-1,-2,0,0,181,2680,0,0,0,181,2680,0,0,0,1
19939,290000,2,2,1,45,0,0,0,0,0,0,36335,36085,35225,35711,35381,34468,1564,1594,1840,1378,1245,1388,0
19940,230000,2,1,1,42,-1,-1,-1,-1,-2,-2,7338,-15,4685,1925,2347,0,15,4700,1925,2347,0,0,0
19941,360000,2,1,1,39,1,-2,-2,-1,0,-1,-390,-390,-390,10872,10540,2203,0,0,11652,358,2203,390,0
19942,320000,2,2,1,38,0,0,0,0,0,0,129416,129575,125866,130067,131128,124469,4836,4919,6246,4395,4524,4850,0
19943,360000,2,2,1,45,0,0,-2,-2,-1,-1,12040,0,0,0,150,1728,0,0,0,150,1728,0,0
19944,90000,2,1,1,38,0,0,0,0,0,2,85376,86326,88122,62706,53612,40963,4326,4322,2706,3575,0,1670,0
19945,500000,2,1,2,34,-1,-1,-1,-1,0,-1,4677,6187,4775,31188,5827,3637,6187,4775,31188,0,4119,7390,0
19946,210000,2,2,1,36,0,0,0,0,0,0,91801,93039,101393,89894,75652,54329,4000,10023,3047,2007,2086,2011,0
19947,90000,2,2,1,39,0,0,0,0,0,0,45406,47337,48575,49667,51119,23344,3000,2000,2000,2000,2000,1087,0
19948,80000,2,3,1,44,2,0,-1,-1,-1,0,31023,30390,390,390,780,780,1000,390,390,780,0,0,0
19949,390000,2,2,2,39,0,-1,-1,0,0,0,27918,3115,278505,288000,264214,266704,3145,278505,15000,9310,10000,9702,0
19950,170000,2,2,2,33,1,-2,-2,-2,-2,-2,-189,-189,-189,-189,-189,-189,0,0,0,0,0,0,0
19951,300000,2,3,1,37,0,0,0,0,0,0,85405,84922,84870,69725,54744,9234,3479,3319,2210,1095,1594,126463,0
19952,30000,2,3,1,38,-2,-2,-2,-2,-2,-2,1535,835,8927,5371,0,1996,835,8939,5480,0,1996,0,0
19953,260000,2,2,1,39,-2,-2,-2,-1,-1,-1,0,2399,1647,502,597,4222,2399,1647,502,597,4222,2117,0
19954,500000,2,1,1,44,-2,-2,-2,-2,-2,-2,2128,635,13258,4562,893,2030,635,13337,4562,893,2030,0,0
19955,240000,2,2,2,35,0,0,0,0,0,0,238887,222691,27627,161492,128496,197209,10000,3000,135050,5000,80000,8000,0
19956,100000,2,2,1,35,1,-2,-2,-2,-1,-1,0,0,0,0,4323,2000,0,0,0,4323,2000,0,0
19957,180000,2,1,1,45,0,0,0,0,2,0,16452,18472,20546,24956,24262,24782,2616,2690,5100,0,1058,2000,0
19958,50000,2,2,1,45,0,0,2,-1,0,0,3487,3159,213,3336,1863,390,1213,0,3336,0,0,390,0
19959,200000,2,2,1,35,0,0,0,0,-1,-1,27561,17365,9889,0,9002,728,5000,1015,0,9002,728,10000,0
19960,20000,2,3,1,45,0,0,0,2,0,0,17235,18253,20858,20202,18950,17709,1610,3215,0,780,640,1400,0
19961,20000,2,2,1,46,1,2,2,-1,0,-1,4426,2735,-211,1863,390,390,0,0,2253,0,390,1735,1
19962,60000,2,2,1,35,0,0,0,0,0,3,20163,21517,22860,25154,29387,30607,2000,2000,3000,5000,2000,6000,0
19963,260000,2,1,1,42,0,0,-1,-1,0,-1,16827,8606,3856,12996,8788,15104,1500,3856,13000,0,15104,16764,0
19964,180000,2,3,1,41,0,0,2,2,-2,-2,10324,10471,6566,2375,1911,1080,3744,0,2911,9,1080,990,0
19965,210000,2,1,2,44,-1,-1,-1,-1,-1,-1,4925,32767,6273,5651,9103,8660,32930,6975,5661,9109,8664,8917,0
19966,270000,2,2,1,36,0,0,0,0,0,0,73953,68207,55382,46629,28115,12847,5168,5010,2005,2000,2000,2000,0
19967,370000,2,1,1,36,-2,-2,-2,-2,-2,-2,2788,25790,3007,4246,3737,2290,25794,3007,4305,3737,2290,22259,0
19968,200000,2,1,2,35,-1,-1,-1,-1,-1,-1,467,2628,287,9471,985,4489,2700,1000,9500,1000,4500,1301,0
19969,270000,2,1,1,31,-2,-2,-2,-2,-2,-2,6181,12110,26069,36630,37390,19816,12140,26134,36650,37390,19816,5272,0
19970,350000,2,1,2,32,-1,-1,-1,-1,-1,0,11942,3236,7241,6800,5163,942,3252,7289,8495,5184,1,2,0
19971,230000,2,2,2,37,2,-1,2,2,-1,0,535,3881,2297,-3,3044,2424,3888,16,0,3047,12,0,0
19972,130000,2,2,1,41,0,0,0,0,0,0,8920,9538,10174,11036,10552,9934,1161,1187,1439,345,346,487,0
19973,260000,2,1,1,31,0,0,0,0,0,0,263688,257381,260497,261593,264184,264598,8993,9501,9577,9584,10006,9269,0
19974,400000,2,1,1,32,-2,-2,-2,-2,-2,-2,3616,0,3328,3328,3828,4893,0,6656,3328,3828,4893,4687,0
19975,180000,2,2,2,36,-2,-1,-1,-1,-2,-2,0,1290,2985,0,0,0,1290,2985,0,0,0,0,0
19976,220000,2,1,1,41,0,0,2,0,0,0,138657,156689,150748,154481,156487,154870,22000,0,8000,7000,6500,5000,0
19977,210000,2,1,2,32,1,-2,-1,-1,-1,-1,-974,-974,20363,770,0,6138,0,21337,770,0,6138,0,0
19978,240000,2,2,1,32,1,-2,-2,-2,-2,-2,0,0,0,0,0,0,0,0,0,0,0,0,0
19979,240000,2,2,2,35,-2,-2,-2,-2,-2,-2,0,0,0,0,0,0,0,0,0,0,0,0,0
19980,150000,2,2,1,45,0,0,0,0,0,-1,60236,51815,39051,25960,12889,12890,6007,1566,1441,259,12891,12497,0
19981,300000,2,1,2,31,0,0,0,0,0,0,123306,126251,131968,113866,10811,158664,5000,8000,5000,1342,150000,6800,0
19982,180000,2,2,3,43,0,0,0,0,0,0,81147,172920,176711,127004,114179,129622,101522,10264,4598,9600,20000,5000,0
19983,300000,2,1,1,47,3,2,2,2,2,2,5000,5000,5000,5000,5000,5000,0,0,0,0,0,0,1
19984,70000,2,2,1,34,-2,-2,-2,-2,-2,-2,1533,3921,6389,0,0,0,3921,6405,0,0,0,0,0
19985,60000,2,3,2,43,0,0,0,0,-1,0,65349,61322,56414,47643,28208,27570,2300,2507,1000,28512,994,999,1
19986,260000,2,1,2,33,-2,-2,-1,-1,-1,0,1900,0,204,-810,2190,810,0,204,0,3000,0,0,0
19987,400000,2,2,1,37,-2,-2,-2,-1,0,0,2218,13181,4039,10692,18692,19565,13256,4039,10692,8000,9000,1000,0
19988,490000,2,1,1,48,1,-1,-1,-1,-1,0,500,7081,1460,6213,6040,1155,7081,1460,6213,7195,0,878,0
19989,50000,2,1,2,42,2,0,0,2,2,2,34218,35539,38246,37332,39702,38932,1893,3600,0,3000,0,3500,1
19990,130000,2,1,2,32,0,0,0,0,0,0,58776,53702,43760,31540,23675,15841,2010,2037,1218,2182,1003,1001,0
19991,150000,2,2,1,32,-1,2,-1,0,0,0,3204,430,29425,30437,31123,28997,0,29425,2000,1528,1518,2000,0
19992,70000,2,2,1,33,1,2,0,0,0,0,51900,49307,48214,27572,26810,20541,0,1500,1300,1505,1000,1000,0
19993,240000,2,2,1,34,-1,-1,0,0,-1,-1,626,1921,20740,21274,888,360,1921,19000,2624,888,360,360,0
19994,250000,2,1,1,49,-1,-1,-2,-2,-1,0,1104,0,0,0,3000,1500,0,0,0,3000,0,3212,0
19995,440000,2,2,1,41,0,0,0,0,0,0,348397,356586,366049,262697,267922,274502,14006,19077,9518,9576,11083,12010,0
19996,130000,2,2,1,40,0,0,0,0,0,0,133559,129869,118032,95953,73970,107785,5400,6950,4600,4000,2000,2300,0
19997,60000,2,2,1,37,0,0,0,0,0,0,59462,60866,54007,52089,29397,29110,3000,2570,2202,1200,1100,1100,1
19998,290000,2,2,1,41,-1,-1,-2,-1,0,-1,2025,0,0,9194,9194,399,0,0,9194,0,399,9290,0
19999,150000,2,2,1,41,0,0,-1,-1,-1,-1,4474,3881,1207,1617,0,620,3000,2306,2610,0,620,0,0
20000,240000,2,2,1,37,-1,2,-1,-1,-1,0,1769,842,14015,0,1317,566,0,14015,0,1317,0,0,0
